Year,solar_gen_values,Countries
1965,0,Canada
1965,0,Mexico
1965,0,US
1965,0,Argentina
1965,0,Brazil
1965,0,Chile
1965,0,Colombia
1965,0,Ecuador
1965,0,Peru
1965,0,Trinidad and Tobago
1965,0,Venezuela
1965,0,Austria
1965,0,Belgium
1965,0,Bulgaria
1965,,Croatia
1965,0,Cyprus
1965,0,Czech Republic
1965,0,Denmark
1965,,Estonia
1965,0,Finland
1965,0,France
1965,0,Germany
1965,0,Greece
1965,0,Hungary
1965,0,Iceland
1965,0,Ireland
1965,0,Italy
1965,,Latvia
1965,,Lithuania
1965,0,Luxembourg
1965,0,Netherlands
1965,,North Macedonia
1965,0,Norway
1965,0,Poland
1965,0,Portugal
1965,0,Romania
1965,0,Slovakia
1965,,Slovenia
1965,0,Spain
1965,0,Sweden
1965,0,Switzerland
1965,0,Turkey
1965,0,Ukraine
1965,0,United Kingdom
1965,,Azerbaijan
1965,,Belarus
1965,,Kazakhstan
1965,,Russian Federation
1965,,Turkmenistan
1965,0,USSR
1965,,Uzbekistan
1965,0,Iran
1965,0,Iraq
1965,0,Israel
1965,0,Kuwait
1965,0,Oman
1965,0,Qatar
1965,0,Saudi Arabia
1965,0,United Arab Emirates
1965,0,Algeria
1965,0,Egypt
1965,0,Morocco
1965,0,South Africa
1965,0,Eastern Africa
1965,0,Australia
1965,0,Bangladesh
1965,0,China
1965,0,Hong Kong SAR
1965,0,India
1965,0,Indonesia
1965,0,Japan
1965,0,Malaysia
1965,0,New Zealand
1965,0,Pakistan
1965,0,Philippines
1965,0,Singapore
1965,0,South Korea
1965,0,Sri Lanka
1965,0,Taiwan
1965,0,Thailand
1965,0,Vietnam
1966,0,Canada
1966,0,Mexico
1966,0,US
1966,0,Argentina
1966,0,Brazil
1966,0,Chile
1966,0,Colombia
1966,0,Ecuador
1966,0,Peru
1966,0,Trinidad and Tobago
1966,0,Venezuela
1966,0,Austria
1966,0,Belgium
1966,0,Bulgaria
1966,,Croatia
1966,0,Cyprus
1966,0,Czech Republic
1966,0,Denmark
1966,,Estonia
1966,0,Finland
1966,0,France
1966,0,Germany
1966,0,Greece
1966,0,Hungary
1966,0,Iceland
1966,0,Ireland
1966,0,Italy
1966,,Latvia
1966,,Lithuania
1966,0,Luxembourg
1966,0,Netherlands
1966,,North Macedonia
1966,0,Norway
1966,0,Poland
1966,0,Portugal
1966,0,Romania
1966,0,Slovakia
1966,,Slovenia
1966,0,Spain
1966,0,Sweden
1966,0,Switzerland
1966,0,Turkey
1966,0,Ukraine
1966,0,United Kingdom
1966,,Azerbaijan
1966,,Belarus
1966,,Kazakhstan
1966,,Russian Federation
1966,,Turkmenistan
1966,0,USSR
1966,,Uzbekistan
1966,0,Iran
1966,0,Iraq
1966,0,Israel
1966,0,Kuwait
1966,0,Oman
1966,0,Qatar
1966,0,Saudi Arabia
1966,0,United Arab Emirates
1966,0,Algeria
1966,0,Egypt
1966,0,Morocco
1966,0,South Africa
1966,0,Eastern Africa
1966,0,Australia
1966,0,Bangladesh
1966,0,China
1966,0,Hong Kong SAR
1966,0,India
1966,0,Indonesia
1966,0,Japan
1966,0,Malaysia
1966,0,New Zealand
1966,0,Pakistan
1966,0,Philippines
1966,0,Singapore
1966,0,South Korea
1966,0,Sri Lanka
1966,0,Taiwan
1966,0,Thailand
1966,0,Vietnam
1967,0,Canada
1967,0,Mexico
1967,0,US
1967,0,Argentina
1967,0,Brazil
1967,0,Chile
1967,0,Colombia
1967,0,Ecuador
1967,0,Peru
1967,0,Trinidad and Tobago
1967,0,Venezuela
1967,0,Austria
1967,0,Belgium
1967,0,Bulgaria
1967,,Croatia
1967,0,Cyprus
1967,0,Czech Republic
1967,0,Denmark
1967,,Estonia
1967,0,Finland
1967,0,France
1967,0,Germany
1967,0,Greece
1967,0,Hungary
1967,0,Iceland
1967,0,Ireland
1967,0,Italy
1967,,Latvia
1967,,Lithuania
1967,0,Luxembourg
1967,0,Netherlands
1967,,North Macedonia
1967,0,Norway
1967,0,Poland
1967,0,Portugal
1967,0,Romania
1967,0,Slovakia
1967,,Slovenia
1967,0,Spain
1967,0,Sweden
1967,0,Switzerland
1967,0,Turkey
1967,0,Ukraine
1967,0,United Kingdom
1967,,Azerbaijan
1967,,Belarus
1967,,Kazakhstan
1967,,Russian Federation
1967,,Turkmenistan
1967,0,USSR
1967,,Uzbekistan
1967,0,Iran
1967,0,Iraq
1967,0,Israel
1967,0,Kuwait
1967,0,Oman
1967,0,Qatar
1967,0,Saudi Arabia
1967,0,United Arab Emirates
1967,0,Algeria
1967,0,Egypt
1967,0,Morocco
1967,0,South Africa
1967,0,Eastern Africa
1967,0,Australia
1967,0,Bangladesh
1967,0,China
1967,0,Hong Kong SAR
1967,0,India
1967,0,Indonesia
1967,0,Japan
1967,0,Malaysia
1967,0,New Zealand
1967,0,Pakistan
1967,0,Philippines
1967,0,Singapore
1967,0,South Korea
1967,0,Sri Lanka
1967,0,Taiwan
1967,0,Thailand
1967,0,Vietnam
1968,0,Canada
1968,0,Mexico
1968,0,US
1968,0,Argentina
1968,0,Brazil
1968,0,Chile
1968,0,Colombia
1968,0,Ecuador
1968,0,Peru
1968,0,Trinidad and Tobago
1968,0,Venezuela
1968,0,Austria
1968,0,Belgium
1968,0,Bulgaria
1968,,Croatia
1968,0,Cyprus
1968,0,Czech Republic
1968,0,Denmark
1968,,Estonia
1968,0,Finland
1968,0,France
1968,0,Germany
1968,0,Greece
1968,0,Hungary
1968,0,Iceland
1968,0,Ireland
1968,0,Italy
1968,,Latvia
1968,,Lithuania
1968,0,Luxembourg
1968,0,Netherlands
1968,,North Macedonia
1968,0,Norway
1968,0,Poland
1968,0,Portugal
1968,0,Romania
1968,0,Slovakia
1968,,Slovenia
1968,0,Spain
1968,0,Sweden
1968,0,Switzerland
1968,0,Turkey
1968,0,Ukraine
1968,0,United Kingdom
1968,,Azerbaijan
1968,,Belarus
1968,,Kazakhstan
1968,,Russian Federation
1968,,Turkmenistan
1968,0,USSR
1968,,Uzbekistan
1968,0,Iran
1968,0,Iraq
1968,0,Israel
1968,0,Kuwait
1968,0,Oman
1968,0,Qatar
1968,0,Saudi Arabia
1968,0,United Arab Emirates
1968,0,Algeria
1968,0,Egypt
1968,0,Morocco
1968,0,South Africa
1968,0,Eastern Africa
1968,0,Australia
1968,0,Bangladesh
1968,0,China
1968,0,Hong Kong SAR
1968,0,India
1968,0,Indonesia
1968,0,Japan
1968,0,Malaysia
1968,0,New Zealand
1968,0,Pakistan
1968,0,Philippines
1968,0,Singapore
1968,0,South Korea
1968,0,Sri Lanka
1968,0,Taiwan
1968,0,Thailand
1968,0,Vietnam
1969,0,Canada
1969,0,Mexico
1969,0,US
1969,0,Argentina
1969,0,Brazil
1969,0,Chile
1969,0,Colombia
1969,0,Ecuador
1969,0,Peru
1969,0,Trinidad and Tobago
1969,0,Venezuela
1969,0,Austria
1969,0,Belgium
1969,0,Bulgaria
1969,,Croatia
1969,0,Cyprus
1969,0,Czech Republic
1969,0,Denmark
1969,,Estonia
1969,0,Finland
1969,0,France
1969,0,Germany
1969,0,Greece
1969,0,Hungary
1969,0,Iceland
1969,0,Ireland
1969,0,Italy
1969,,Latvia
1969,,Lithuania
1969,0,Luxembourg
1969,0,Netherlands
1969,,North Macedonia
1969,0,Norway
1969,0,Poland
1969,0,Portugal
1969,0,Romania
1969,0,Slovakia
1969,,Slovenia
1969,0,Spain
1969,0,Sweden
1969,0,Switzerland
1969,0,Turkey
1969,0,Ukraine
1969,0,United Kingdom
1969,,Azerbaijan
1969,,Belarus
1969,,Kazakhstan
1969,,Russian Federation
1969,,Turkmenistan
1969,0,USSR
1969,,Uzbekistan
1969,0,Iran
1969,0,Iraq
1969,0,Israel
1969,0,Kuwait
1969,0,Oman
1969,0,Qatar
1969,0,Saudi Arabia
1969,0,United Arab Emirates
1969,0,Algeria
1969,0,Egypt
1969,0,Morocco
1969,0,South Africa
1969,0,Eastern Africa
1969,0,Australia
1969,0,Bangladesh
1969,0,China
1969,0,Hong Kong SAR
1969,0,India
1969,0,Indonesia
1969,0,Japan
1969,0,Malaysia
1969,0,New Zealand
1969,0,Pakistan
1969,0,Philippines
1969,0,Singapore
1969,0,South Korea
1969,0,Sri Lanka
1969,0,Taiwan
1969,0,Thailand
1969,0,Vietnam
1970,0,Canada
1970,0,Mexico
1970,0,US
1970,0,Argentina
1970,0,Brazil
1970,0,Chile
1970,0,Colombia
1970,0,Ecuador
1970,0,Peru
1970,0,Trinidad and Tobago
1970,0,Venezuela
1970,0,Austria
1970,0,Belgium
1970,0,Bulgaria
1970,,Croatia
1970,0,Cyprus
1970,0,Czech Republic
1970,0,Denmark
1970,,Estonia
1970,0,Finland
1970,0,France
1970,0,Germany
1970,0,Greece
1970,0,Hungary
1970,0,Iceland
1970,0,Ireland
1970,0,Italy
1970,,Latvia
1970,,Lithuania
1970,0,Luxembourg
1970,0,Netherlands
1970,,North Macedonia
1970,0,Norway
1970,0,Poland
1970,0,Portugal
1970,0,Romania
1970,0,Slovakia
1970,,Slovenia
1970,0,Spain
1970,0,Sweden
1970,0,Switzerland
1970,0,Turkey
1970,0,Ukraine
1970,0,United Kingdom
1970,,Azerbaijan
1970,,Belarus
1970,,Kazakhstan
1970,,Russian Federation
1970,,Turkmenistan
1970,0,USSR
1970,,Uzbekistan
1970,0,Iran
1970,0,Iraq
1970,0,Israel
1970,0,Kuwait
1970,0,Oman
1970,0,Qatar
1970,0,Saudi Arabia
1970,0,United Arab Emirates
1970,0,Algeria
1970,0,Egypt
1970,0,Morocco
1970,0,South Africa
1970,0,Eastern Africa
1970,0,Australia
1970,0,Bangladesh
1970,0,China
1970,0,Hong Kong SAR
1970,0,India
1970,0,Indonesia
1970,0,Japan
1970,0,Malaysia
1970,0,New Zealand
1970,0,Pakistan
1970,0,Philippines
1970,0,Singapore
1970,0,South Korea
1970,0,Sri Lanka
1970,0,Taiwan
1970,0,Thailand
1970,0,Vietnam
1971,0,Canada
1971,0,Mexico
1971,0,US
1971,0,Argentina
1971,0,Brazil
1971,0,Chile
1971,0,Colombia
1971,0,Ecuador
1971,0,Peru
1971,0,Trinidad and Tobago
1971,0,Venezuela
1971,0,Austria
1971,0,Belgium
1971,0,Bulgaria
1971,,Croatia
1971,0,Cyprus
1971,0,Czech Republic
1971,0,Denmark
1971,,Estonia
1971,0,Finland
1971,0,France
1971,0,Germany
1971,0,Greece
1971,0,Hungary
1971,0,Iceland
1971,0,Ireland
1971,0,Italy
1971,,Latvia
1971,,Lithuania
1971,0,Luxembourg
1971,0,Netherlands
1971,,North Macedonia
1971,0,Norway
1971,0,Poland
1971,0,Portugal
1971,0,Romania
1971,0,Slovakia
1971,,Slovenia
1971,0,Spain
1971,0,Sweden
1971,0,Switzerland
1971,0,Turkey
1971,0,Ukraine
1971,0,United Kingdom
1971,,Azerbaijan
1971,,Belarus
1971,,Kazakhstan
1971,,Russian Federation
1971,,Turkmenistan
1971,0,USSR
1971,,Uzbekistan
1971,0,Iran
1971,0,Iraq
1971,0,Israel
1971,0,Kuwait
1971,0,Oman
1971,0,Qatar
1971,0,Saudi Arabia
1971,0,United Arab Emirates
1971,0,Algeria
1971,0,Egypt
1971,0,Morocco
1971,0,South Africa
1971,0,Eastern Africa
1971,0,Australia
1971,0,Bangladesh
1971,0,China
1971,0,Hong Kong SAR
1971,0,India
1971,0,Indonesia
1971,0,Japan
1971,0,Malaysia
1971,0,New Zealand
1971,0,Pakistan
1971,0,Philippines
1971,0,Singapore
1971,0,South Korea
1971,0,Sri Lanka
1971,0,Taiwan
1971,0,Thailand
1971,0,Vietnam
1972,0,Canada
1972,0,Mexico
1972,0,US
1972,0,Argentina
1972,0,Brazil
1972,0,Chile
1972,0,Colombia
1972,0,Ecuador
1972,0,Peru
1972,0,Trinidad and Tobago
1972,0,Venezuela
1972,0,Austria
1972,0,Belgium
1972,0,Bulgaria
1972,,Croatia
1972,0,Cyprus
1972,0,Czech Republic
1972,0,Denmark
1972,,Estonia
1972,0,Finland
1972,0,France
1972,0,Germany
1972,0,Greece
1972,0,Hungary
1972,0,Iceland
1972,0,Ireland
1972,0,Italy
1972,,Latvia
1972,,Lithuania
1972,0,Luxembourg
1972,0,Netherlands
1972,,North Macedonia
1972,0,Norway
1972,0,Poland
1972,0,Portugal
1972,0,Romania
1972,0,Slovakia
1972,,Slovenia
1972,0,Spain
1972,0,Sweden
1972,0,Switzerland
1972,0,Turkey
1972,0,Ukraine
1972,0,United Kingdom
1972,,Azerbaijan
1972,,Belarus
1972,,Kazakhstan
1972,,Russian Federation
1972,,Turkmenistan
1972,0,USSR
1972,,Uzbekistan
1972,0,Iran
1972,0,Iraq
1972,0,Israel
1972,0,Kuwait
1972,0,Oman
1972,0,Qatar
1972,0,Saudi Arabia
1972,0,United Arab Emirates
1972,0,Algeria
1972,0,Egypt
1972,0,Morocco
1972,0,South Africa
1972,0,Eastern Africa
1972,0,Australia
1972,0,Bangladesh
1972,0,China
1972,0,Hong Kong SAR
1972,0,India
1972,0,Indonesia
1972,0,Japan
1972,0,Malaysia
1972,0,New Zealand
1972,0,Pakistan
1972,0,Philippines
1972,0,Singapore
1972,0,South Korea
1972,0,Sri Lanka
1972,0,Taiwan
1972,0,Thailand
1972,0,Vietnam
1974,0,Canada
1974,0,Mexico
1974,0,US
1974,0,Argentina
1974,0,Brazil
1974,0,Chile
1974,0,Colombia
1974,0,Ecuador
1974,0,Peru
1974,0,Trinidad and Tobago
1974,0,Venezuela
1974,0,Austria
1974,0,Belgium
1974,0,Bulgaria
1974,,Croatia
1974,0,Cyprus
1974,0,Czech Republic
1974,0,Denmark
1974,,Estonia
1974,0,Finland
1974,0,France
1974,0,Germany
1974,0,Greece
1974,0,Hungary
1974,0,Iceland
1974,0,Ireland
1974,0,Italy
1974,,Latvia
1974,,Lithuania
1974,0,Luxembourg
1974,0,Netherlands
1974,,North Macedonia
1974,0,Norway
1974,0,Poland
1974,0,Portugal
1974,0,Romania
1974,0,Slovakia
1974,,Slovenia
1974,0,Spain
1974,0,Sweden
1974,0,Switzerland
1974,0,Turkey
1974,0,Ukraine
1974,0,United Kingdom
1974,,Azerbaijan
1974,,Belarus
1974,,Kazakhstan
1974,,Russian Federation
1974,,Turkmenistan
1974,0,USSR
1974,,Uzbekistan
1974,0,Iran
1974,0,Iraq
1974,0,Israel
1974,0,Kuwait
1974,0,Oman
1974,0,Qatar
1974,0,Saudi Arabia
1974,0,United Arab Emirates
1974,0,Algeria
1974,0,Egypt
1974,0,Morocco
1974,0,South Africa
1974,0,Eastern Africa
1974,0,Australia
1974,0,Bangladesh
1974,0,China
1974,0,Hong Kong SAR
1974,0,India
1974,0,Indonesia
1974,0,Japan
1974,0,Malaysia
1974,0,New Zealand
1974,0,Pakistan
1974,0,Philippines
1974,0,Singapore
1974,0,South Korea
1974,0,Sri Lanka
1974,0,Taiwan
1974,0,Thailand
1974,0,Vietnam
1975,0,Canada
1975,0,Mexico
1975,0,US
1975,0,Argentina
1975,0,Brazil
1975,0,Chile
1975,0,Colombia
1975,0,Ecuador
1975,0,Peru
1975,0,Trinidad and Tobago
1975,0,Venezuela
1975,0,Austria
1975,0,Belgium
1975,0,Bulgaria
1975,,Croatia
1975,0,Cyprus
1975,0,Czech Republic
1975,0,Denmark
1975,,Estonia
1975,0,Finland
1975,0,France
1975,0,Germany
1975,0,Greece
1975,0,Hungary
1975,0,Iceland
1975,0,Ireland
1975,0,Italy
1975,,Latvia
1975,,Lithuania
1975,0,Luxembourg
1975,0,Netherlands
1975,,North Macedonia
1975,0,Norway
1975,0,Poland
1975,0,Portugal
1975,0,Romania
1975,0,Slovakia
1975,,Slovenia
1975,0,Spain
1975,0,Sweden
1975,0,Switzerland
1975,0,Turkey
1975,0,Ukraine
1975,0,United Kingdom
1975,,Azerbaijan
1975,,Belarus
1975,,Kazakhstan
1975,,Russian Federation
1975,,Turkmenistan
1975,0,USSR
1975,,Uzbekistan
1975,0,Iran
1975,0,Iraq
1975,0,Israel
1975,0,Kuwait
1975,0,Oman
1975,0,Qatar
1975,0,Saudi Arabia
1975,0,United Arab Emirates
1975,0,Algeria
1975,0,Egypt
1975,0,Morocco
1975,0,South Africa
1975,0,Eastern Africa
1975,0,Australia
1975,0,Bangladesh
1975,0,China
1975,0,Hong Kong SAR
1975,0,India
1975,0,Indonesia
1975,0,Japan
1975,0,Malaysia
1975,0,New Zealand
1975,0,Pakistan
1975,0,Philippines
1975,0,Singapore
1975,0,South Korea
1975,0,Sri Lanka
1975,0,Taiwan
1975,0,Thailand
1975,0,Vietnam
1976,0,Canada
1976,0,Mexico
1976,0,US
1976,0,Argentina
1976,0,Brazil
1976,0,Chile
1976,0,Colombia
1976,0,Ecuador
1976,0,Peru
1976,0,Trinidad and Tobago
1976,0,Venezuela
1976,0,Austria
1976,0,Belgium
1976,0,Bulgaria
1976,,Croatia
1976,0,Cyprus
1976,0,Czech Republic
1976,0,Denmark
1976,,Estonia
1976,0,Finland
1976,0,France
1976,0,Germany
1976,0,Greece
1976,0,Hungary
1976,0,Iceland
1976,0,Ireland
1976,0,Italy
1976,,Latvia
1976,,Lithuania
1976,0,Luxembourg
1976,0,Netherlands
1976,,North Macedonia
1976,0,Norway
1976,0,Poland
1976,0,Portugal
1976,0,Romania
1976,0,Slovakia
1976,,Slovenia
1976,0,Spain
1976,0,Sweden
1976,0,Switzerland
1976,0,Turkey
1976,0,Ukraine
1976,0,United Kingdom
1976,,Azerbaijan
1976,,Belarus
1976,,Kazakhstan
1976,,Russian Federation
1976,,Turkmenistan
1976,0,USSR
1976,,Uzbekistan
1976,0,Iran
1976,0,Iraq
1976,0,Israel
1976,0,Kuwait
1976,0,Oman
1976,0,Qatar
1976,0,Saudi Arabia
1976,0,United Arab Emirates
1976,0,Algeria
1976,0,Egypt
1976,0,Morocco
1976,0,South Africa
1976,0,Eastern Africa
1976,0,Australia
1976,0,Bangladesh
1976,0,China
1976,0,Hong Kong SAR
1976,0,India
1976,0,Indonesia
1976,0,Japan
1976,0,Malaysia
1976,0,New Zealand
1976,0,Pakistan
1976,0,Philippines
1976,0,Singapore
1976,0,South Korea
1976,0,Sri Lanka
1976,0,Taiwan
1976,0,Thailand
1976,0,Vietnam
1977,0,Canada
1977,0,Mexico
1977,0,US
1977,0,Argentina
1977,0,Brazil
1977,0,Chile
1977,0,Colombia
1977,0,Ecuador
1977,0,Peru
1977,0,Trinidad and Tobago
1977,0,Venezuela
1977,0,Austria
1977,0,Belgium
1977,0,Bulgaria
1977,,Croatia
1977,0,Cyprus
1977,0,Czech Republic
1977,0,Denmark
1977,,Estonia
1977,0,Finland
1977,0,France
1977,0,Germany
1977,0,Greece
1977,0,Hungary
1977,0,Iceland
1977,0,Ireland
1977,0,Italy
1977,,Latvia
1977,,Lithuania
1977,0,Luxembourg
1977,0,Netherlands
1977,,North Macedonia
1977,0,Norway
1977,0,Poland
1977,0,Portugal
1977,0,Romania
1977,0,Slovakia
1977,,Slovenia
1977,0,Spain
1977,0,Sweden
1977,0,Switzerland
1977,0,Turkey
1977,0,Ukraine
1977,0,United Kingdom
1977,,Azerbaijan
1977,,Belarus
1977,,Kazakhstan
1977,,Russian Federation
1977,,Turkmenistan
1977,0,USSR
1977,,Uzbekistan
1977,0,Iran
1977,0,Iraq
1977,0,Israel
1977,0,Kuwait
1977,0,Oman
1977,0,Qatar
1977,0,Saudi Arabia
1977,0,United Arab Emirates
1977,0,Algeria
1977,0,Egypt
1977,0,Morocco
1977,0,South Africa
1977,0,Eastern Africa
1977,0,Australia
1977,0,Bangladesh
1977,0,China
1977,0,Hong Kong SAR
1977,0,India
1977,0,Indonesia
1977,0,Japan
1977,0,Malaysia
1977,0,New Zealand
1977,0,Pakistan
1977,0,Philippines
1977,0,Singapore
1977,0,South Korea
1977,0,Sri Lanka
1977,0,Taiwan
1977,0,Thailand
1977,0,Vietnam
1978,0,Canada
1978,0,Mexico
1978,0,US
1978,0,Argentina
1978,0,Brazil
1978,0,Chile
1978,0,Colombia
1978,0,Ecuador
1978,0,Peru
1978,0,Trinidad and Tobago
1978,0,Venezuela
1978,0,Austria
1978,0,Belgium
1978,0,Bulgaria
1978,,Croatia
1978,0,Cyprus
1978,0,Czech Republic
1978,0,Denmark
1978,,Estonia
1978,0,Finland
1978,0,France
1978,0,Germany
1978,0,Greece
1978,0,Hungary
1978,0,Iceland
1978,0,Ireland
1978,0,Italy
1978,,Latvia
1978,,Lithuania
1978,0,Luxembourg
1978,0,Netherlands
1978,,North Macedonia
1978,0,Norway
1978,0,Poland
1978,0,Portugal
1978,0,Romania
1978,0,Slovakia
1978,,Slovenia
1978,0,Spain
1978,0,Sweden
1978,0,Switzerland
1978,0,Turkey
1978,0,Ukraine
1978,0,United Kingdom
1978,,Azerbaijan
1978,,Belarus
1978,,Kazakhstan
1978,,Russian Federation
1978,,Turkmenistan
1978,0,USSR
1978,,Uzbekistan
1978,0,Iran
1978,0,Iraq
1978,0,Israel
1978,0,Kuwait
1978,0,Oman
1978,0,Qatar
1978,0,Saudi Arabia
1978,0,United Arab Emirates
1978,0,Algeria
1978,0,Egypt
1978,0,Morocco
1978,0,South Africa
1978,0,Eastern Africa
1978,0,Australia
1978,0,Bangladesh
1978,0,China
1978,0,Hong Kong SAR
1978,0,India
1978,0,Indonesia
1978,0,Japan
1978,0,Malaysia
1978,0,New Zealand
1978,0,Pakistan
1978,0,Philippines
1978,0,Singapore
1978,0,South Korea
1978,0,Sri Lanka
1978,0,Taiwan
1978,0,Thailand
1978,0,Vietnam
1979,0,Canada
1979,0,Mexico
1979,0,US
1979,0,Argentina
1979,0,Brazil
1979,0,Chile
1979,0,Colombia
1979,0,Ecuador
1979,0,Peru
1979,0,Trinidad and Tobago
1979,0,Venezuela
1979,0,Austria
1979,0,Belgium
1979,0,Bulgaria
1979,,Croatia
1979,0,Cyprus
1979,0,Czech Republic
1979,0,Denmark
1979,,Estonia
1979,0,Finland
1979,0,France
1979,0,Germany
1979,0,Greece
1979,0,Hungary
1979,0,Iceland
1979,0,Ireland
1979,0,Italy
1979,,Latvia
1979,,Lithuania
1979,0,Luxembourg
1979,0,Netherlands
1979,,North Macedonia
1979,0,Norway
1979,0,Poland
1979,0,Portugal
1979,0,Romania
1979,0,Slovakia
1979,,Slovenia
1979,0,Spain
1979,0,Sweden
1979,0,Switzerland
1979,0,Turkey
1979,0,Ukraine
1979,0,United Kingdom
1979,,Azerbaijan
1979,,Belarus
1979,,Kazakhstan
1979,,Russian Federation
1979,,Turkmenistan
1979,0,USSR
1979,,Uzbekistan
1979,0,Iran
1979,0,Iraq
1979,0,Israel
1979,0,Kuwait
1979,0,Oman
1979,0,Qatar
1979,0,Saudi Arabia
1979,0,United Arab Emirates
1979,0,Algeria
1979,0,Egypt
1979,0,Morocco
1979,0,South Africa
1979,0,Eastern Africa
1979,0,Australia
1979,0,Bangladesh
1979,0,China
1979,0,Hong Kong SAR
1979,0,India
1979,0,Indonesia
1979,0,Japan
1979,0,Malaysia
1979,0,New Zealand
1979,0,Pakistan
1979,0,Philippines
1979,0,Singapore
1979,0,South Korea
1979,0,Sri Lanka
1979,0,Taiwan
1979,0,Thailand
1979,0,Vietnam
1980,0,Canada
1980,0,Mexico
1980,0,US
1980,0,Argentina
1980,0,Brazil
1980,0,Chile
1980,0,Colombia
1980,0,Ecuador
1980,0,Peru
1980,0,Trinidad and Tobago
1980,0,Venezuela
1980,0,Austria
1980,0,Belgium
1980,0,Bulgaria
1980,,Croatia
1980,0,Cyprus
1980,0,Czech Republic
1980,0,Denmark
1980,,Estonia
1980,0,Finland
1980,0,France
1980,0,Germany
1980,0,Greece
1980,0,Hungary
1980,0,Iceland
1980,0,Ireland
1980,0,Italy
1980,,Latvia
1980,,Lithuania
1980,0,Luxembourg
1980,0,Netherlands
1980,,North Macedonia
1980,0,Norway
1980,0,Poland
1980,0,Portugal
1980,0,Romania
1980,0,Slovakia
1980,,Slovenia
1980,0,Spain
1980,0,Sweden
1980,0,Switzerland
1980,0,Turkey
1980,0,Ukraine
1980,0,United Kingdom
1980,,Azerbaijan
1980,,Belarus
1980,,Kazakhstan
1980,,Russian Federation
1980,,Turkmenistan
1980,0,USSR
1980,,Uzbekistan
1980,0,Iran
1980,0,Iraq
1980,0,Israel
1980,0,Kuwait
1980,0,Oman
1980,0,Qatar
1980,0,Saudi Arabia
1980,0,United Arab Emirates
1980,0,Algeria
1980,0,Egypt
1980,0,Morocco
1980,0,South Africa
1980,0,Eastern Africa
1980,0,Australia
1980,0,Bangladesh
1980,0,China
1980,0,Hong Kong SAR
1980,0,India
1980,0,Indonesia
1980,0,Japan
1980,0,Malaysia
1980,0,New Zealand
1980,0,Pakistan
1980,0,Philippines
1980,0,Singapore
1980,0,South Korea
1980,0,Sri Lanka
1980,0,Taiwan
1980,0,Thailand
1980,0,Vietnam
1981,0,Canada
1981,0,Mexico
1981,0,US
1981,0,Argentina
1981,0,Brazil
1981,0,Chile
1981,0,Colombia
1981,0,Ecuador
1981,0,Peru
1981,0,Trinidad and Tobago
1981,0,Venezuela
1981,0,Austria
1981,0,Belgium
1981,0,Bulgaria
1981,,Croatia
1981,0,Cyprus
1981,0,Czech Republic
1981,0,Denmark
1981,,Estonia
1981,0,Finland
1981,0,France
1981,0,Germany
1981,0,Greece
1981,0,Hungary
1981,0,Iceland
1981,0,Ireland
1981,0,Italy
1981,,Latvia
1981,,Lithuania
1981,0,Luxembourg
1981,0,Netherlands
1981,,North Macedonia
1981,0,Norway
1981,0,Poland
1981,0,Portugal
1981,0,Romania
1981,0,Slovakia
1981,,Slovenia
1981,0,Spain
1981,0,Sweden
1981,0,Switzerland
1981,0,Turkey
1981,0,Ukraine
1981,0,United Kingdom
1981,,Azerbaijan
1981,,Belarus
1981,,Kazakhstan
1981,,Russian Federation
1981,,Turkmenistan
1981,0,USSR
1981,,Uzbekistan
1981,0,Iran
1981,0,Iraq
1981,0,Israel
1981,0,Kuwait
1981,0,Oman
1981,0,Qatar
1981,0,Saudi Arabia
1981,0,United Arab Emirates
1981,0,Algeria
1981,0,Egypt
1981,0,Morocco
1981,0,South Africa
1981,0,Eastern Africa
1981,0,Australia
1981,0,Bangladesh
1981,0,China
1981,0,Hong Kong SAR
1981,0,India
1981,0,Indonesia
1981,0,Japan
1981,0,Malaysia
1981,0,New Zealand
1981,0,Pakistan
1981,0,Philippines
1981,0,Singapore
1981,0,South Korea
1981,0,Sri Lanka
1981,0,Taiwan
1981,0,Thailand
1981,0,Vietnam
1982,0,Canada
1982,0,Mexico
1982,0,US
1982,0,Argentina
1982,0,Brazil
1982,0,Chile
1982,0,Colombia
1982,0,Ecuador
1982,0,Peru
1982,0,Trinidad and Tobago
1982,0,Venezuela
1982,0,Austria
1982,0,Belgium
1982,0,Bulgaria
1982,,Croatia
1982,0,Cyprus
1982,0,Czech Republic
1982,0,Denmark
1982,,Estonia
1982,0,Finland
1982,0,France
1982,0,Germany
1982,0,Greece
1982,0,Hungary
1982,0,Iceland
1982,0,Ireland
1982,0,Italy
1982,,Latvia
1982,,Lithuania
1982,0,Luxembourg
1982,0,Netherlands
1982,,North Macedonia
1982,0,Norway
1982,0,Poland
1982,0,Portugal
1982,0,Romania
1982,0,Slovakia
1982,,Slovenia
1982,0,Spain
1982,0,Sweden
1982,0,Switzerland
1982,0,Turkey
1982,0,Ukraine
1982,0,United Kingdom
1982,,Azerbaijan
1982,,Belarus
1982,,Kazakhstan
1982,,Russian Federation
1982,,Turkmenistan
1982,0,USSR
1982,,Uzbekistan
1982,0,Iran
1982,0,Iraq
1982,0,Israel
1982,0,Kuwait
1982,0,Oman
1982,0,Qatar
1982,0,Saudi Arabia
1982,0,United Arab Emirates
1982,0,Algeria
1982,0,Egypt
1982,0,Morocco
1982,0,South Africa
1982,0,Eastern Africa
1982,0,Australia
1982,0,Bangladesh
1982,0,China
1982,0,Hong Kong SAR
1982,0,India
1982,0,Indonesia
1982,0,Japan
1982,0,Malaysia
1982,0,New Zealand
1982,0,Pakistan
1982,0,Philippines
1982,0,Singapore
1982,0,South Korea
1982,0,Sri Lanka
1982,0,Taiwan
1982,0,Thailand
1982,0,Vietnam
1983,0,Canada
1983,0,Mexico
1983,0.003,US
1983,0,Argentina
1983,0,Brazil
1983,0,Chile
1983,0,Colombia
1983,0,Ecuador
1983,0,Peru
1983,0,Trinidad and Tobago
1983,0,Venezuela
1983,0,Austria
1983,0,Belgium
1983,0,Bulgaria
1983,,Croatia
1983,0,Cyprus
1983,0,Czech Republic
1983,0,Denmark
1983,,Estonia
1983,0,Finland
1983,0,France
1983,0,Germany
1983,0,Greece
1983,0,Hungary
1983,0,Iceland
1983,0,Ireland
1983,0,Italy
1983,,Latvia
1983,,Lithuania
1983,0,Luxembourg
1983,0,Netherlands
1983,,North Macedonia
1983,0,Norway
1983,0,Poland
1983,0,Portugal
1983,0,Romania
1983,0,Slovakia
1983,,Slovenia
1983,0,Spain
1983,0,Sweden
1983,0,Switzerland
1983,0,Turkey
1983,0,Ukraine
1983,0,United Kingdom
1983,,Azerbaijan
1983,,Belarus
1983,,Kazakhstan
1983,,Russian Federation
1983,,Turkmenistan
1983,0,USSR
1983,,Uzbekistan
1983,0,Iran
1983,0,Iraq
1983,0,Israel
1983,0,Kuwait
1983,0,Oman
1983,0,Qatar
1983,0,Saudi Arabia
1983,0,United Arab Emirates
1983,0,Algeria
1983,0,Egypt
1983,0,Morocco
1983,0,South Africa
1983,0,Eastern Africa
1983,0,Australia
1983,0,Bangladesh
1983,0,China
1983,0,Hong Kong SAR
1983,0,India
1983,0,Indonesia
1983,0,Japan
1983,0,Malaysia
1983,0,New Zealand
1983,0,Pakistan
1983,0,Philippines
1983,0,Singapore
1983,0,South Korea
1983,0,Sri Lanka
1983,0,Taiwan
1983,0,Thailand
1983,0,Vietnam
1984,0,Canada
1984,0,Mexico
1984,0.00530101,US
1984,0,Argentina
1984,0,Brazil
1984,0,Chile
1984,0,Colombia
1984,0,Ecuador
1984,0,Peru
1984,0,Trinidad and Tobago
1984,0,Venezuela
1984,0,Austria
1984,0,Belgium
1984,0,Bulgaria
1984,,Croatia
1984,0,Cyprus
1984,0,Czech Republic
1984,0,Denmark
1984,,Estonia
1984,0,Finland
1984,0,France
1984,0,Germany
1984,0,Greece
1984,0,Hungary
1984,0,Iceland
1984,0,Ireland
1984,0,Italy
1984,,Latvia
1984,,Lithuania
1984,0,Luxembourg
1984,0,Netherlands
1984,,North Macedonia
1984,0,Norway
1984,0,Poland
1984,0,Portugal
1984,0,Romania
1984,0,Slovakia
1984,,Slovenia
1984,0,Spain
1984,0,Sweden
1984,0,Switzerland
1984,0,Turkey
1984,0,Ukraine
1984,0.001010101,United Kingdom
1984,,Azerbaijan
1984,,Belarus
1984,,Kazakhstan
1984,,Russian Federation
1984,,Turkmenistan
1984,0,USSR
1984,,Uzbekistan
1984,0,Iran
1984,0,Iraq
1984,0,Israel
1984,0,Kuwait
1984,0,Oman
1984,0,Qatar
1984,0,Saudi Arabia
1984,0,United Arab Emirates
1984,0,Algeria
1984,0,Egypt
1984,0,Morocco
1984,0,South Africa
1984,0,Eastern Africa
1984,0,Australia
1984,0,Bangladesh
1984,0,China
1984,0,Hong Kong SAR
1984,0,India
1984,0,Indonesia
1984,0,Japan
1984,0,Malaysia
1984,0,New Zealand
1984,0,Pakistan
1984,0,Philippines
1984,0,Singapore
1984,0,South Korea
1984,0,Sri Lanka
1984,0,Taiwan
1984,0,Thailand
1984,0,Vietnam
1985,0,Canada
1985,0,Mexico
1985,0.010737374,US
1985,0,Argentina
1985,0,Brazil
1985,0,Chile
1985,0,Colombia
1985,0,Ecuador
1985,0,Peru
1985,0,Trinidad and Tobago
1985,0,Venezuela
1985,0,Austria
1985,0,Belgium
1985,0,Bulgaria
1985,,Croatia
1985,0,Cyprus
1985,0,Czech Republic
1985,0,Denmark
1985,0,Estonia
1985,0,Finland
1985,0,France
1985,0,Germany
1985,0,Greece
1985,0,Hungary
1985,0,Iceland
1985,0,Ireland
1985,0,Italy
1985,0,Latvia
1985,0,Lithuania
1985,0,Luxembourg
1985,0,Netherlands
1985,,North Macedonia
1985,0,Norway
1985,0,Poland
1985,0,Portugal
1985,0,Romania
1985,0,Slovakia
1985,,Slovenia
1985,0,Spain
1985,0,Sweden
1985,0,Switzerland
1985,0,Turkey
1985,0,Ukraine
1985,0.001010101,United Kingdom
1985,0,Azerbaijan
1985,0,Belarus
1985,0,Kazakhstan
1985,0,Russian Federation
1985,0,Turkmenistan
1985,,USSR
1985,0,Uzbekistan
1985,0,Iran
1985,0,Iraq
1985,0,Israel
1985,0,Kuwait
1985,0,Oman
1985,0,Qatar
1985,0,Saudi Arabia
1985,0,United Arab Emirates
1985,0,Algeria
1985,0,Egypt
1985,0,Morocco
1985,0,South Africa
1985,0,Eastern Africa
1985,0,Australia
1985,0,Bangladesh
1985,0,China
1985,0,Hong Kong SAR
1985,0,India
1985,0,Indonesia
1985,0,Japan
1985,0,Malaysia
1985,0,New Zealand
1985,0,Pakistan
1985,0,Philippines
1985,0,Singapore
1985,0,South Korea
1985,0,Sri Lanka
1985,0,Taiwan
1985,0,Thailand
1985,0,Vietnam
1986,0,Canada
1986,0,Mexico
1986,0.014173737,US
1986,0,Argentina
1986,0,Brazil
1986,0,Chile
1986,0,Colombia
1986,0,Ecuador
1986,0,Peru
1986,0,Trinidad and Tobago
1986,0,Venezuela
1986,0,Austria
1986,0,Belgium
1986,0,Bulgaria
1986,,Croatia
1986,0,Cyprus
1986,0,Czech Republic
1986,0,Denmark
1986,0,Estonia
1986,0,Finland
1986,0,France
1986,0,Germany
1986,0,Greece
1986,0,Hungary
1986,0,Iceland
1986,0,Ireland
1986,0,Italy
1986,0,Latvia
1986,0,Lithuania
1986,0,Luxembourg
1986,0,Netherlands
1986,,North Macedonia
1986,0,Norway
1986,0,Poland
1986,0,Portugal
1986,0,Romania
1986,0,Slovakia
1986,,Slovenia
1986,0,Spain
1986,0,Sweden
1986,0,Switzerland
1986,0,Turkey
1986,0,Ukraine
1986,0.001010101,United Kingdom
1986,0,Azerbaijan
1986,0,Belarus
1986,0,Kazakhstan
1986,0,Russian Federation
1986,0,Turkmenistan
1986,,USSR
1986,0,Uzbekistan
1986,0,Iran
1986,0,Iraq
1986,0,Israel
1986,0,Kuwait
1986,0,Oman
1986,0,Qatar
1986,0,Saudi Arabia
1986,0,United Arab Emirates
1986,0,Algeria
1986,0,Egypt
1986,0,Morocco
1986,0,South Africa
1986,0,Eastern Africa
1986,0,Australia
1986,0,Bangladesh
1986,0,China
1986,0,Hong Kong SAR
1986,0,India
1986,0,Indonesia
1986,0,Japan
1986,0,Malaysia
1986,0,New Zealand
1986,0,Pakistan
1986,0,Philippines
1986,0,Singapore
1986,0,South Korea
1986,0,Sri Lanka
1986,0,Taiwan
1986,0,Thailand
1986,0,Vietnam
1987,0,Canada
1987,0,Mexico
1987,0.01060303,US
1987,0,Argentina
1987,0,Brazil
1987,0,Chile
1987,0,Colombia
1987,0,Ecuador
1987,0,Peru
1987,0,Trinidad and Tobago
1987,0,Venezuela
1987,0,Austria
1987,0,Belgium
1987,0,Bulgaria
1987,,Croatia
1987,0,Cyprus
1987,0,Czech Republic
1987,0,Denmark
1987,0,Estonia
1987,0,Finland
1987,0,France
1987,0,Germany
1987,0,Greece
1987,0,Hungary
1987,0,Iceland
1987,0,Ireland
1987,0,Italy
1987,0,Latvia
1987,0,Lithuania
1987,0,Luxembourg
1987,0,Netherlands
1987,,North Macedonia
1987,0,Norway
1987,0,Poland
1987,0,Portugal
1987,0,Romania
1987,0,Slovakia
1987,,Slovenia
1987,0,Spain
1987,0,Sweden
1987,0,Switzerland
1987,0,Turkey
1987,0,Ukraine
1987,0,United Kingdom
1987,0,Azerbaijan
1987,0,Belarus
1987,0,Kazakhstan
1987,0,Russian Federation
1987,0,Turkmenistan
1987,,USSR
1987,0,Uzbekistan
1987,0,Iran
1987,0,Iraq
1987,0,Israel
1987,0,Kuwait
1987,0,Oman
1987,0,Qatar
1987,0,Saudi Arabia
1987,0,United Arab Emirates
1987,0,Algeria
1987,0,Egypt
1987,0,Morocco
1987,0,South Africa
1987,0,Eastern Africa
1987,0,Australia
1987,0,Bangladesh
1987,0,China
1987,0,Hong Kong SAR
1987,0,India
1987,0,Indonesia
1987,0,Japan
1987,0,Malaysia
1987,0,New Zealand
1987,0,Pakistan
1987,0,Philippines
1987,0,Singapore
1987,0,South Korea
1987,0,Sri Lanka
1987,0,Taiwan
1987,0,Thailand
1987,0,Vietnam
1988,0,Canada
1988,0,Mexico
1988,0.009185859,US
1988,0,Argentina
1988,0,Brazil
1988,0,Chile
1988,0,Colombia
1988,0,Ecuador
1988,0,Peru
1988,0,Trinidad and Tobago
1988,0,Venezuela
1988,0,Austria
1988,0,Belgium
1988,0,Bulgaria
1988,,Croatia
1988,0,Cyprus
1988,0,Czech Republic
1988,0,Denmark
1988,0,Estonia
1988,0,Finland
1988,0,France
1988,0,Germany
1988,0,Greece
1988,0,Hungary
1988,0,Iceland
1988,0,Ireland
1988,0,Italy
1988,0,Latvia
1988,0,Lithuania
1988,0,Luxembourg
1988,0,Netherlands
1988,,North Macedonia
1988,0,Norway
1988,0,Poland
1988,0,Portugal
1988,0,Romania
1988,0,Slovakia
1988,,Slovenia
1988,0,Spain
1988,0,Sweden
1988,0,Switzerland
1988,0,Turkey
1988,0,Ukraine
1988,0.001010101,United Kingdom
1988,0,Azerbaijan
1988,0,Belarus
1988,0,Kazakhstan
1988,0,Russian Federation
1988,0,Turkmenistan
1988,,USSR
1988,0,Uzbekistan
1988,0,Iran
1988,0,Iraq
1988,0,Israel
1988,0,Kuwait
1988,0,Oman
1988,0,Qatar
1988,0,Saudi Arabia
1988,0,United Arab Emirates
1988,0,Algeria
1988,0,Egypt
1988,0,Morocco
1988,0,South Africa
1988,0,Eastern Africa
1988,0,Australia
1988,0,Bangladesh
1988,0,China
1988,0,Hong Kong SAR
1988,0,India
1988,0,Indonesia
1988,0,Japan
1988,0,Malaysia
1988,0,New Zealand
1988,0,Pakistan
1988,0,Philippines
1988,0,Singapore
1988,0,South Korea
1988,0,Sri Lanka
1988,0,Taiwan
1988,0,Thailand
1988,0,Vietnam
1989,0,Canada
1989,0,Mexico
1989,0.253132323,US
1989,0,Argentina
1989,0,Brazil
1989,0,Chile
1989,0,Colombia
1989,0,Ecuador
1989,0,Peru
1989,0,Trinidad and Tobago
1989,0,Venezuela
1989,0,Austria
1989,0,Belgium
1989,0,Bulgaria
1989,,Croatia
1989,0,Cyprus
1989,0,Czech Republic
1989,0,Denmark
1989,0,Estonia
1989,0,Finland
1989,0,France
1989,0,Germany
1989,0,Greece
1989,0,Hungary
1989,0,Iceland
1989,0,Ireland
1989,0.002020202,Italy
1989,0,Latvia
1989,0,Lithuania
1989,0,Luxembourg
1989,0,Netherlands
1989,,North Macedonia
1989,0,Norway
1989,0,Poland
1989,0.001010101,Portugal
1989,0,Romania
1989,0,Slovakia
1989,,Slovenia
1989,0.006060606,Spain
1989,0,Sweden
1989,0,Switzerland
1989,0,Turkey
1989,0,Ukraine
1989,0,United Kingdom
1989,0,Azerbaijan
1989,0,Belarus
1989,0,Kazakhstan
1989,0,Russian Federation
1989,0,Turkmenistan
1989,,USSR
1989,0,Uzbekistan
1989,0,Iran
1989,0,Iraq
1989,0,Israel
1989,0,Kuwait
1989,0,Oman
1989,0,Qatar
1989,0,Saudi Arabia
1989,0,United Arab Emirates
1989,0,Algeria
1989,0,Egypt
1989,0,Morocco
1989,0,South Africa
1989,0,Eastern Africa
1989,0,Australia
1989,0,Bangladesh
1989,0,China
1989,0,Hong Kong SAR
1989,0,India
1989,0,Indonesia
1989,0,Japan
1989,0,Malaysia
1989,0,New Zealand
1989,0,Pakistan
1989,0,Philippines
1989,0,Singapore
1989,0,South Korea
1989,0,Sri Lanka
1989,0,Taiwan
1989,0,Thailand
1989,0,Vietnam
1990,0,Canada
1990,0.001,Mexico
1990,0.370794949,US
1990,0,Argentina
1990,0,Brazil
1990,0,Chile
1990,0,Colombia
1990,0,Ecuador
1990,0,Peru
1990,0,Trinidad and Tobago
1990,0,Venezuela
1990,0,Austria
1990,0,Belgium
1990,0,Bulgaria
1990,0,Croatia
1990,0,Cyprus
1990,0,Czech Republic
1990,0,Denmark
1990,0,Estonia
1990,0.0005,Finland
1990,0,France
1990,0.001,Germany
1990,0,Greece
1990,0,Hungary
1990,0,Iceland
1990,0,Ireland
1990,0.004,Italy
1990,0,Latvia
1990,0,Lithuania
1990,0,Luxembourg
1990,0,Netherlands
1990,0,North Macedonia
1990,0,Norway
1990,0,Poland
1990,0,Portugal
1990,0,Romania
1990,0,Slovakia
1990,0,Slovenia
1990,0.006,Spain
1990,0,Sweden
1990,0.001,Switzerland
1990,0,Turkey
1990,0,Ukraine
1990,0,United Kingdom
1990,0,Azerbaijan
1990,0,Belarus
1990,0,Kazakhstan
1990,0,Russian Federation
1990,0,Turkmenistan
1990,,USSR
1990,0,Uzbekistan
1990,0,Iran
1990,0,Iraq
1990,0,Israel
1990,0,Kuwait
1990,0,Oman
1990,0,Qatar
1990,0,Saudi Arabia
1990,0,United Arab Emirates
1990,0,Algeria
1990,0,Egypt
1990,0,Morocco
1990,0,South Africa
1990,0,Eastern Africa
1990,0,Australia
1990,0,Bangladesh
1990,0.002,China
1990,0,Hong Kong SAR
1990,0,India
1990,0,Indonesia
1990,0.001,Japan
1990,0,Malaysia
1990,0,New Zealand
1990,0,Pakistan
1990,0,Philippines
1990,0,Singapore
1990,0.001,South Korea
1990,0,Sri Lanka
1990,0,Taiwan
1990,0,Thailand
1990,0,Vietnam
1991,0,Canada
1991,0.002,Mexico
1991,0.478252873,US
1991,0,Argentina
1991,0,Brazil
1991,0,Chile
1991,0,Colombia
1991,0,Ecuador
1991,0,Peru
1991,0,Trinidad and Tobago
1991,0,Venezuela
1991,0,Austria
1991,0,Belgium
1991,0,Bulgaria
1991,0,Croatia
1991,0,Cyprus
1991,0,Czech Republic
1991,0,Denmark
1991,0,Estonia
1991,0.0005,Finland
1991,0,France
1991,0.001,Germany
1991,0,Greece
1991,0,Hungary
1991,0,Iceland
1991,0,Ireland
1991,0.005,Italy
1991,0,Latvia
1991,0,Lithuania
1991,0,Luxembourg
1991,0,Netherlands
1991,0,North Macedonia
1991,0,Norway
1991,0,Poland
1991,0,Portugal
1991,0,Romania
1991,0,Slovakia
1991,0,Slovenia
1991,0.007,Spain
1991,0,Sweden
1991,0.002,Switzerland
1991,0,Turkey
1991,0,Ukraine
1991,0,United Kingdom
1991,0,Azerbaijan
1991,0,Belarus
1991,0,Kazakhstan
1991,0,Russian Federation
1991,0,Turkmenistan
1991,,USSR
1991,0,Uzbekistan
1991,0,Iran
1991,0,Iraq
1991,0,Israel
1991,0,Kuwait
1991,0,Oman
1991,0,Qatar
1991,0,Saudi Arabia
1991,0,United Arab Emirates
1991,0,Algeria
1991,0,Egypt
1991,0,Morocco
1991,0,South Africa
1991,0,Eastern Africa
1991,0.00545,Australia
1991,0,Bangladesh
1991,0.002,China
1991,0,Hong Kong SAR
1991,0,India
1991,0,Indonesia
1991,0.001,Japan
1991,0,Malaysia
1991,0,New Zealand
1991,0,Pakistan
1991,0,Philippines
1991,0,Singapore
1991,0.001,South Korea
1991,0,Sri Lanka
1991,0,Taiwan
1991,0,Thailand
1991,0,Vietnam
1992,0.002052632,Canada
1992,0.003,Mexico
1992,0.408844477,US
1992,0,Argentina
1992,0,Brazil
1992,0,Chile
1992,0,Colombia
1992,0,Ecuador
1992,0,Peru
1992,0,Trinidad and Tobago
1992,0,Venezuela
1992,0,Austria
1992,0,Belgium
1992,0,Bulgaria
1992,0,Croatia
1992,0,Cyprus
1992,0,Czech Republic
1992,0,Denmark
1992,0,Estonia
1992,0.0006,Finland
1992,0.001488,France
1992,0.004,Germany
1992,0,Greece
1992,0,Hungary
1992,0,Iceland
1992,0,Ireland
1992,0.009,Italy
1992,0,Latvia
1992,0,Lithuania
1992,0,Luxembourg
1992,0.001,Netherlands
1992,0,North Macedonia
1992,0,Norway
1992,0,Poland
1992,0,Portugal
1992,0,Romania
1992,0,Slovakia
1992,0,Slovenia
1992,0.008,Spain
1992,0,Sweden
1992,0.003,Switzerland
1992,0,Turkey
1992,0,Ukraine
1992,0,United Kingdom
1992,0,Azerbaijan
1992,0,Belarus
1992,0,Kazakhstan
1992,0,Russian Federation
1992,0,Turkmenistan
1992,,USSR
1992,0,Uzbekistan
1992,0,Iran
1992,0,Iraq
1992,0,Israel
1992,0,Kuwait
1992,0,Oman
1992,0,Qatar
1992,0,Saudi Arabia
1992,0,United Arab Emirates
1992,0,Algeria
1992,0,Egypt
1992,0,Morocco
1992,0,South Africa
1992,0,Eastern Africa
1992,0.0121,Australia
1992,0,Bangladesh
1992,0.003,China
1992,0,Hong Kong SAR
1992,0,India
1992,0,Indonesia
1992,0.0105,Japan
1992,0,Malaysia
1992,0,New Zealand
1992,0,Pakistan
1992,0,Philippines
1992,0,Singapore
1992,0.002,South Korea
1992,0,Sri Lanka
1992,0,Taiwan
1992,0,Thailand
1992,0,Vietnam
1993,0.002052632,Canada
1993,0.004,Mexico
1993,0.475161892,US
1993,0,Argentina
1993,0,Brazil
1993,0,Chile
1993,0,Colombia
1993,0,Ecuador
1993,0,Peru
1993,0,Trinidad and Tobago
1993,0,Venezuela
1993,0.001,Austria
1993,0,Belgium
1993,0,Bulgaria
1993,0,Croatia
1993,0,Cyprus
1993,0,Czech Republic
1993,0,Denmark
1993,0,Estonia
1993,0.0007,Finland
1993,0.001683,France
1993,0.003,Germany
1993,0,Greece
1993,0,Hungary
1993,0,Iceland
1993,0,Ireland
1993,0.011,Italy
1993,0,Latvia
1993,0,Lithuania
1993,0,Luxembourg
1993,0.001,Netherlands
1993,0,North Macedonia
1993,0,Norway
1993,0,Poland
1993,0,Portugal
1993,0,Romania
1993,0,Slovakia
1993,0,Slovenia
1993,0.009,Spain
1993,0.001,Sweden
1993,0.004,Switzerland
1993,0,Turkey
1993,0,Ukraine
1993,0,United Kingdom
1993,0,Azerbaijan
1993,0,Belarus
1993,0,Kazakhstan
1993,0,Russian Federation
1993,0,Turkmenistan
1993,,USSR
1993,0,Uzbekistan
1993,0,Iran
1993,0,Iraq
1993,0,Israel
1993,0,Kuwait
1993,0,Oman
1993,0,Qatar
1993,0,Saudi Arabia
1993,0,United Arab Emirates
1993,0,Algeria
1993,0,Egypt
1993,0,Morocco
1993,0,South Africa
1993,0,Eastern Africa
1993,0.0146,Australia
1993,0,Bangladesh
1993,0.004,China
1993,0,Hong Kong SAR
1993,0,India
1993,0,Indonesia
1993,0.0225,Japan
1993,0,Malaysia
1993,0,New Zealand
1993,0,Pakistan
1993,0,Philippines
1993,0,Singapore
1993,0.002,South Korea
1993,0,Sri Lanka
1993,0,Taiwan
1993,0,Thailand
1993,0,Vietnam
1994,0.002052632,Canada
1994,0.005,Mexico
1994,0.501872793,US
1994,0,Argentina
1994,0,Brazil
1994,0,Chile
1994,0,Colombia
1994,0,Ecuador
1994,0,Peru
1994,0,Trinidad and Tobago
1994,0,Venezuela
1994,0.001,Austria
1994,0,Belgium
1994,0,Bulgaria
1994,0,Croatia
1994,0,Cyprus
1994,0,Czech Republic
1994,0,Denmark
1994,0,Estonia
1994,0.0008,Finland
1994,0.0018785,France
1994,0.007,Germany
1994,0,Greece
1994,0,Hungary
1994,0,Iceland
1994,0,Ireland
1994,0.011,Italy
1994,0,Latvia
1994,0,Lithuania
1994,0,Luxembourg
1994,1.00E-05,Netherlands
1994,0,North Macedonia
1994,0,Norway
1994,0,Poland
1994,0,Portugal
1994,0,Romania
1994,0,Slovakia
1994,0,Slovenia
1994,0.01,Spain
1994,0.001,Sweden
1994,0.005,Switzerland
1994,0,Turkey
1994,0,Ukraine
1994,0,United Kingdom
1994,0,Azerbaijan
1994,0,Belarus
1994,0,Kazakhstan
1994,0,Russian Federation
1994,0,Turkmenistan
1994,,USSR
1994,0,Uzbekistan
1994,0,Iran
1994,0,Iraq
1994,0,Israel
1994,0,Kuwait
1994,0,Oman
1994,0,Qatar
1994,0,Saudi Arabia
1994,0,United Arab Emirates
1994,0,Algeria
1994,0,Egypt
1994,0,Morocco
1994,0,South Africa
1994,0,Eastern Africa
1994,0.0174,Australia
1994,0,Bangladesh
1994,0.005,China
1994,0,Hong Kong SAR
1994,0,India
1994,0,Indonesia
1994,0.029,Japan
1994,0,Malaysia
1994,0,New Zealand
1994,0,Pakistan
1994,0,Philippines
1994,0,Singapore
1994,0.002,South Korea
1994,0,Sri Lanka
1994,0,Taiwan
1994,0,Thailand
1994,0,Vietnam
1995,0.003842105,Canada
1995,0.005,Mexico
1995,0.514471573,US
1995,0,Argentina
1995,0,Brazil
1995,0,Chile
1995,0,Colombia
1995,0,Ecuador
1995,0,Peru
1995,0,Trinidad and Tobago
1995,0,Venezuela
1995,0.001,Austria
1995,0,Belgium
1995,0,Bulgaria
1995,0,Croatia
1995,0,Cyprus
1995,0,Czech Republic
1995,0,Denmark
1995,0,Estonia
1995,0.0008,Finland
1995,0.00204,France
1995,0.007,Germany
1995,0,Greece
1995,0,Hungary
1995,0,Iceland
1995,0,Ireland
1995,0.013,Italy
1995,0,Latvia
1995,0,Lithuania
1995,0,Luxembourg
1995,0.001,Netherlands
1995,0,North Macedonia
1995,0,Norway
1995,0,Poland
1995,0,Portugal
1995,0,Romania
1995,0,Slovakia
1995,0,Slovenia
1995,0.015,Spain
1995,0.001,Sweden
1995,0.006,Switzerland
1995,0,Turkey
1995,0,Ukraine
1995,0,United Kingdom
1995,0,Azerbaijan
1995,0,Belarus
1995,0,Kazakhstan
1995,0,Russian Federation
1995,0,Turkmenistan
1995,,USSR
1995,0,Uzbekistan
1995,0,Iran
1995,0,Iraq
1995,0,Israel
1995,0,Kuwait
1995,0,Oman
1995,0,Qatar
1995,0,Saudi Arabia
1995,0,United Arab Emirates
1995,0,Algeria
1995,0,Egypt
1995,0,Morocco
1995,0,South Africa
1995,0,Eastern Africa
1995,0.02115,Australia
1995,0,Bangladesh
1995,0.007,China
1995,0,Hong Kong SAR
1995,0.001010101,India
1995,0,Indonesia
1995,0.0395,Japan
1995,0,Malaysia
1995,0,New Zealand
1995,0,Pakistan
1995,0,Philippines
1995,0,Singapore
1995,0.002,South Korea
1995,0,Sri Lanka
1995,0,Taiwan
1995,0,Thailand
1995,0,Vietnam
1996,0.005894737,Canada
1996,0.006,Mexico
1996,0.541341217,US
1996,0,Argentina
1996,0,Brazil
1996,0,Chile
1996,0,Colombia
1996,0,Ecuador
1996,0,Peru
1996,0,Trinidad and Tobago
1996,0,Venezuela
1996,0.001,Austria
1996,0,Belgium
1996,0,Bulgaria
1996,0,Croatia
1996,0,Cyprus
1996,0,Czech Republic
1996,0.000161111,Denmark
1996,0,Estonia
1996,0.001,Finland
1996,0.0026503,France
1996,0.012,Germany
1996,0,Greece
1996,0,Hungary
1996,0,Iceland
1996,0,Ireland
1996,0.014,Italy
1996,0,Latvia
1996,0,Lithuania
1996,0,Luxembourg
1996,0.002,Netherlands
1996,0,North Macedonia
1996,0,Norway
1996,0,Poland
1996,0.001,Portugal
1996,0,Romania
1996,0,Slovakia
1996,0,Slovenia
1996,0.012,Spain
1996,0.001,Sweden
1996,0.007,Switzerland
1996,0,Turkey
1996,0,Ukraine
1996,0,United Kingdom
1996,0,Azerbaijan
1996,0,Belarus
1996,0,Kazakhstan
1996,0,Russian Federation
1996,0,Turkmenistan
1996,,USSR
1996,0,Uzbekistan
1996,0,Iran
1996,0,Iraq
1996,0,Israel
1996,0,Kuwait
1996,0,Oman
1996,0,Qatar
1996,0,Saudi Arabia
1996,0,United Arab Emirates
1996,0,Algeria
1996,0,Egypt
1996,0,Morocco
1996,0,South Africa
1996,0,Eastern Africa
1996,0.0256,Australia
1996,0,Bangladesh
1996,0.009,China
1996,0,Hong Kong SAR
1996,0.006060606,India
1996,0,Indonesia
1996,0.0545,Japan
1996,0,Malaysia
1996,0,New Zealand
1996,0,Pakistan
1996,0,Philippines
1996,0,Singapore
1996,0.003,South Korea
1996,0,Sri Lanka
1996,0,Taiwan
1996,0,Thailand
1996,0,Vietnam
1997,0.006947368,Canada
1997,0.006,Mexico
1997,0.532695728,US
1997,0,Argentina
1997,0,Brazil
1997,0,Chile
1997,0,Colombia
1997,0,Ecuador
1997,0,Peru
1997,0,Trinidad and Tobago
1997,0,Venezuela
1997,0.002,Austria
1997,0,Belgium
1997,0,Bulgaria
1997,0,Croatia
1997,0,Cyprus
1997,0,Czech Republic
1997,0.000319444,Denmark
1997,0,Estonia
1997,0.0012,Finland
1997,0.0034068,France
1997,0.018,Germany
1997,0,Greece
1997,0,Hungary
1997,0,Iceland
1997,0,Ireland
1997,0.015,Italy
1997,0,Latvia
1997,0,Lithuania
1997,0,Luxembourg
1997,0.002,Netherlands
1997,0,North Macedonia
1997,0,Norway
1997,0,Poland
1997,0.001,Portugal
1997,0,Romania
1997,0,Slovakia
1997,0,Slovenia
1997,0.013,Spain
1997,0.001,Sweden
1997,0.007,Switzerland
1997,0,Turkey
1997,0,Ukraine
1997,0,United Kingdom
1997,0,Azerbaijan
1997,0,Belarus
1997,0,Kazakhstan
1997,0,Russian Federation
1997,0,Turkmenistan
1997,,USSR
1997,0,Uzbekistan
1997,0,Iran
1997,0,Iraq
1997,0,Israel
1997,0,Kuwait
1997,0,Oman
1997,0,Qatar
1997,0,Saudi Arabia
1997,0,United Arab Emirates
1997,0,Algeria
1997,0,Egypt
1997,0,Morocco
1997,0,South Africa
1997,0,Eastern Africa
1997,0.03065,Australia
1997,0,Bangladesh
1997,0.011,China
1997,0,Hong Kong SAR
1997,0.006060606,India
1997,0,Indonesia
1997,0.096302846,Japan
1997,0,Malaysia
1997,0,New Zealand
1997,0,Pakistan
1997,0,Philippines
1997,0,Singapore
1997,0.003,South Korea
1997,0,Sri Lanka
1997,0,Taiwan
1997,0,Thailand
1997,0,Vietnam
1998,0.010105263,Canada
1998,0.007,Mexico
1998,0.524659346,US
1998,1.70E-05,Argentina
1998,0,Brazil
1998,0,Chile
1998,0,Colombia
1998,0,Ecuador
1998,0,Peru
1998,0,Trinidad and Tobago
1998,0,Venezuela
1998,0.002,Austria
1998,0,Belgium
1998,0,Bulgaria
1998,0,Croatia
1998,0,Cyprus
1998,0,Czech Republic
1998,0.0004,Denmark
1998,0,Estonia
1998,0.0013,Finland
1998,0.0040885,France
1998,0.035,Germany
1998,0,Greece
1998,0,Hungary
1998,0,Iceland
1998,0,Ireland
1998,0.016,Italy
1998,0,Latvia
1998,0,Lithuania
1998,0,Luxembourg
1998,0.0035,Netherlands
1998,0,North Macedonia
1998,0,Norway
1998,0,Poland
1998,0.0008,Portugal
1998,0,Romania
1998,0,Slovakia
1998,0,Slovenia
1998,0.015,Spain
1998,0.001,Sweden
1998,0.008,Switzerland
1998,0,Turkey
1998,0,Ukraine
1998,0,United Kingdom
1998,0,Azerbaijan
1998,0,Belarus
1998,0,Kazakhstan
1998,0,Russian Federation
1998,0,Turkmenistan
1998,,USSR
1998,0,Uzbekistan
1998,0,Iran
1998,0,Iraq
1998,0,Israel
1998,0,Kuwait
1998,0,Oman
1998,0,Qatar
1998,0,Saudi Arabia
1998,0,United Arab Emirates
1998,0,Algeria
1998,0,Egypt
1998,0,Morocco
1998,0,South Africa
1998,0,Eastern Africa
1998,0.0356,Australia
1998,0,Bangladesh
1998,0.014,China
1998,0,Hong Kong SAR
1998,0.006060606,India
1998,0,Indonesia
1998,0.14324625,Japan
1998,0,Malaysia
1998,0,New Zealand
1998,0,Pakistan
1998,0,Philippines
1998,0,Singapore
1998,0.004,South Korea
1998,0,Sri Lanka
1998,0,Taiwan
1998,0,Thailand
1998,0,Vietnam
1999,0.013263158,Canada
1999,0.007,Mexico
1999,0.51834207,US
1999,2.60E-05,Argentina
1999,0,Brazil
1999,0,Chile
1999,0,Colombia
1999,0,Ecuador
1999,0,Peru
1999,0,Trinidad and Tobago
1999,0,Venezuela
1999,0.002,Austria
1999,0,Belgium
1999,0,Bulgaria
1999,0,Croatia
1999,0,Cyprus
1999,0,Czech Republic
1999,0.000880556,Denmark
1999,0,Estonia
1999,0.0014,Finland
1999,0.0045475,France
1999,0.03,Germany
1999,0,Greece
1999,0,Hungary
1999,0,Iceland
1999,0,Ireland
1999,0.017,Italy
1999,0,Latvia
1999,0,Lithuania
1999,0,Luxembourg
1999,0.00527,Netherlands
1999,0,North Macedonia
1999,0,Norway
1999,0,Poland
1999,0.0011,Portugal
1999,0,Romania
1999,0,Slovakia
1999,0,Slovenia
1999,0.017,Spain
1999,0.001,Sweden
1999,0.01,Switzerland
1999,0,Turkey
1999,0,Ukraine
1999,0.001,United Kingdom
1999,0,Azerbaijan
1999,0,Belarus
1999,0,Kazakhstan
1999,0,Russian Federation
1999,0,Turkmenistan
1999,,USSR
1999,0,Uzbekistan
1999,0,Iran
1999,0,Iraq
1999,0,Israel
1999,0,Kuwait
1999,0,Oman
1999,0,Qatar
1999,0,Saudi Arabia
1999,0,United Arab Emirates
1999,0,Algeria
1999,0,Egypt
1999,0,Morocco
1999,0,South Africa
1999,0,Eastern Africa
1999,0.0406,Australia
1999,0,Bangladesh
1999,0.017,China
1999,0,Hong Kong SAR
1999,0.006060606,India
1999,0,Indonesia
1999,0.218025,Japan
1999,0,Malaysia
1999,0,New Zealand
1999,0,Pakistan
1999,0,Philippines
1999,0,Singapore
1999,0.004572,South Korea
1999,0,Sri Lanka
1999,0,Taiwan
1999,0,Thailand
1999,0,Vietnam
2000,0.016421053,Canada
2000,0.007,Mexico
2000,0.518512654,US
2000,3.60E-05,Argentina
2000,0,Brazil
2000,0,Chile
2000,0.001835014,Colombia
2000,0,Ecuador
2000,0,Peru
2000,0.0001,Trinidad and Tobago
2000,0,Venezuela
2000,0.003,Austria
2000,0,Belgium
2000,0,Bulgaria
2000,0,Croatia
2000,0,Cyprus
2000,0,Czech Republic
2000,0.0012,Denmark
2000,0,Estonia
2000,0.0016,Finland
2000,0.00522325,France
2000,0.06,Germany
2000,0,Greece
2000,0,Hungary
2000,0,Iceland
2000,0,Ireland
2000,0.018,Italy
2000,0,Latvia
2000,0,Lithuania
2000,4.00E-05,Luxembourg
2000,0.00771,Netherlands
2000,0,North Macedonia
2000,0.0053,Norway
2000,0,Poland
2000,0.0014,Portugal
2000,0,Romania
2000,0,Slovakia
2000,0,Slovenia
2000,0.018,Spain
2000,0.001,Sweden
2000,0.011,Switzerland
2000,0,Turkey
2000,0,Ukraine
2000,0.001,United Kingdom
2000,0,Azerbaijan
2000,0,Belarus
2000,0,Kazakhstan
2000,0,Russian Federation
2000,0,Turkmenistan
2000,,USSR
2000,0,Uzbekistan
2000,0,Iran
2000,0,Iraq
2000,0,Israel
2000,0,Kuwait
2000,0,Oman
2000,0,Qatar
2000,0,Saudi Arabia
2000,0,United Arab Emirates
2000,0,Algeria
2000,0.0002,Egypt
2000,0,Morocco
2000,0.0093,South Africa
2000,0.0053,Eastern Africa
2000,0.04675,Australia
2000,0,Bangladesh
2000,0.022,China
2000,0,Hong Kong SAR
2000,0.007070707,India
2000,0,Indonesia
2000,0.344061719,Japan
2000,0,Malaysia
2000,0,New Zealand
2000,0,Pakistan
2000,0,Philippines
2000,0,Singapore
2000,0.005284,South Korea
2000,0.000432,Sri Lanka
2000,0.00012,Taiwan
2000,0,Thailand
2000,0,Vietnam
2001,0.019578947,Canada
2001,0.008,Mexico
2001,0.574351055,US
2001,4.30E-05,Argentina
2001,0,Brazil
2001,0,Chile
2001,0.00266875,Colombia
2001,0,Ecuador
2001,0,Peru
2001,0.0006,Trinidad and Tobago
2001,0,Venezuela
2001,0.005,Austria
2001,0,Belgium
2001,0,Bulgaria
2001,0,Croatia
2001,0,Cyprus
2001,0,Czech Republic
2001,0.0012,Denmark
2001,0,Estonia
2001,0.0017,Finland
2001,0.0061605,France
2001,0.076,Germany
2001,0,Greece
2001,0,Hungary
2001,0,Iceland
2001,0,Ireland
2001,0.019,Italy
2001,0,Latvia
2001,0,Lithuania
2001,4.60E-05,Luxembourg
2001,0.01306,Netherlands
2001,0,North Macedonia
2001,0.0053,Norway
2001,0,Poland
2001,0.0016,Portugal
2001,0,Romania
2001,0,Slovakia
2001,0,Slovenia
2001,0.024,Spain
2001,0.002,Sweden
2001,0.013,Switzerland
2001,0,Turkey
2001,0,Ukraine
2001,0.002,United Kingdom
2001,0,Azerbaijan
2001,0,Belarus
2001,0,Kazakhstan
2001,0,Russian Federation
2001,0,Turkmenistan
2001,,USSR
2001,0,Uzbekistan
2001,0,Iran
2001,0,Iraq
2001,0,Israel
2001,0,Kuwait
2001,0,Oman
2001,0,Qatar
2001,0,Saudi Arabia
2001,0,United Arab Emirates
2001,0,Algeria
2001,0.0009,Egypt
2001,0,Morocco
2001,0.0108,South Africa
2001,0.0087,Eastern Africa
2001,0.05415,Australia
2001,0,Bangladesh
2001,0.031,China
2001,0,Hong Kong SAR
2001,0.011111111,India
2001,0,Indonesia
2001,0.499739219,Japan
2001,0,Malaysia
2001,0,New Zealand
2001,0,Pakistan
2001,0,Philippines
2001,0,Singapore
2001,0.006184,South Korea
2001,0.000903096,Sri Lanka
2001,0.000264,Taiwan
2001,0,Thailand
2001,0,Vietnam
2002,0.022736842,Canada
2002,0.008,Mexico
2002,0.601597598,US
2002,4.70E-05,Argentina
2002,0,Brazil
2002,0,Chile
2002,0.00465125,Colombia
2002,0,Ecuador
2002,0,Peru
2002,0.001,Trinidad and Tobago
2002,0,Venezuela
2002,0.009,Austria
2002,0,Belgium
2002,0,Bulgaria
2002,0,Croatia
2002,0,Cyprus
2002,0,Czech Republic
2002,0.001280556,Denmark
2002,0,Estonia
2002,0.0019,Finland
2002,0.00710345,France
2002,0.162,Germany
2002,0,Greece
2002,0,Hungary
2002,0,Iceland
2002,0,Ireland
2002,0.021,Italy
2002,0,Latvia
2002,0,Lithuania
2002,5.90E-05,Luxembourg
2002,0.01704,Netherlands
2002,0,North Macedonia
2002,0.0053,Norway
2002,0,Poland
2002,0.0018,Portugal
2002,0,Romania
2002,0,Slovakia
2002,0,Slovenia
2002,0.03,Spain
2002,0.002,Sweden
2002,0.015,Switzerland
2002,0,Turkey
2002,0,Ukraine
2002,0.003,United Kingdom
2002,0,Azerbaijan
2002,0,Belarus
2002,0,Kazakhstan
2002,0,Russian Federation
2002,0,Turkmenistan
2002,,USSR
2002,0,Uzbekistan
2002,0,Iran
2002,0,Iraq
2002,0,Israel
2002,0,Kuwait
2002,0,Oman
2002,0,Qatar
2002,0,Saudi Arabia
2002,0,United Arab Emirates
2002,0,Algeria
2002,0.001,Egypt
2002,0.00010101,Morocco
2002,0.0124,South Africa
2002,0.0119,Eastern Africa
2002,0.0583,Australia
2002,0.0001,Bangladesh
2002,0.048,China
2002,0,Hong Kong SAR
2002,0.013131313,India
2002,0,Indonesia
2002,0.69462,Japan
2002,0,Malaysia
2002,0,New Zealand
2002,0,Pakistan
2002,0,Philippines
2002,0,Singapore
2002,0.007044,South Korea
2002,0.001501112,Sri Lanka
2002,0.000348,Taiwan
2002,0,Thailand
2002,0,Vietnam
2003,0.022789474,Canada
2003,0.008,Mexico
2003,0.610654318,US
2003,6.50E-05,Argentina
2003,0,Brazil
2003,0,Chile
2003,0.006405,Colombia
2003,0,Ecuador
2003,0,Peru
2003,0.0015,Trinidad and Tobago
2003,0,Venezuela
2003,0.015,Austria
2003,0,Belgium
2003,0,Bulgaria
2003,0,Croatia
2003,0,Cyprus
2003,0,Czech Republic
2003,0.001519444,Denmark
2003,0,Estonia
2003,0.0021,Finland
2003,0.0077673,France
2003,0.313,Germany
2003,0,Greece
2003,0,Hungary
2003,0,Iceland
2003,0,Ireland
2003,0.024,Italy
2003,0,Latvia
2003,0,Lithuania
2003,0.001399,Luxembourg
2003,0.03074,Netherlands
2003,0,North Macedonia
2003,0.0062,Norway
2003,0,Poland
2003,0.0026,Portugal
2003,0,Romania
2003,0,Slovakia
2003,0,Slovenia
2003,0.041,Spain
2003,0.002,Sweden
2003,0.018,Switzerland
2003,0,Turkey
2003,0,Ukraine
2003,0.003,United Kingdom
2003,0,Azerbaijan
2003,0,Belarus
2003,0,Kazakhstan
2003,0,Russian Federation
2003,0,Turkmenistan
2003,,USSR
2003,0,Uzbekistan
2003,0,Iran
2003,0,Iraq
2003,0,Israel
2003,0,Kuwait
2003,0,Oman
2003,0,Qatar
2003,0,Saudi Arabia
2003,0,United Arab Emirates
2003,0,Algeria
2003,0.001,Egypt
2003,0.00010101,Morocco
2003,0.0139,South Africa
2003,0.012,Eastern Africa
2003,0.0632,Australia
2003,0.0009,Bangladesh
2003,0.064,China
2003,0,Hong Kong SAR
2003,0.016161616,India
2003,0,Indonesia
2003,0.953955,Japan
2003,0,Malaysia
2003,0,New Zealand
2003,0,Pakistan
2003,0,Philippines
2003,0,Singapore
2003,0.007752,South Korea
2003,0.002403992,Sri Lanka
2003,0.000461,Taiwan
2003,0,Thailand
2003,0,Vietnam
2004,0.014263158,Canada
2004,0.009,Mexico
2004,0.698132438,US
2004,7.00E-05,Argentina
2004,0,Brazil
2004,0,Chile
2004,0.007951726,Colombia
2004,0,Ecuador
2004,0,Peru
2004,0.0022,Trinidad and Tobago
2004,0,Venezuela
2004,0.018,Austria
2004,0.001,Belgium
2004,0,Bulgaria
2004,0,Croatia
2004,0.0004,Cyprus
2004,0.0001,Czech Republic
2004,0.001838889,Denmark
2004,0,Estonia
2004,0.0024,Finland
2004,0.008447984,France
2004,0.557,Germany
2004,0.001,Greece
2004,0,Hungary
2004,0,Iceland
2004,0,Ireland
2004,0.029,Italy
2004,0,Latvia
2004,0,Lithuania
2004,0.009199,Luxembourg
2004,0.03314,Netherlands
2004,0,North Macedonia
2004,0.0062,Norway
2004,0,Poland
2004,0.0029,Portugal
2004,0,Romania
2004,0,Slovakia
2004,0,Slovenia
2004,0.056,Spain
2004,0.002,Sweden
2004,0.018,Switzerland
2004,0,Turkey
2004,0,Ukraine
2004,0.004,United Kingdom
2004,0,Azerbaijan
2004,0,Belarus
2004,0,Kazakhstan
2004,0,Russian Federation
2004,0,Turkmenistan
2004,,USSR
2004,0,Uzbekistan
2004,0,Iran
2004,0,Iraq
2004,0,Israel
2004,0,Kuwait
2004,0,Oman
2004,0,Qatar
2004,0,Saudi Arabia
2004,0,United Arab Emirates
2004,0,Algeria
2004,0.001,Egypt
2004,0.00010101,Morocco
2004,0.0155,South Africa
2004,0.0132,Eastern Africa
2004,0.07295,Australia
2004,0.0019,Bangladesh
2004,0.076,China
2004,0,Hong Kong SAR
2004,0.018181818,India
2004,0,Indonesia
2004,1.271622123,Japan
2004,0,Malaysia
2004,0,New Zealand
2004,0,Pakistan
2004,0,Philippines
2004,0,Singapore
2004,0.009872,South Korea
2004,0.003539072,Sri Lanka
2004,0.000584,Taiwan
2004,0,Thailand
2004,0,Vietnam
2005,0.018473684,Canada
2005,0.009,Mexico
2005,0.748900634,US
2005,8.10E-05,Argentina
2005,0,Brazil
2005,0,Chile
2005,0.00953125,Colombia
2005,1.24E-05,Ecuador
2005,0,Peru
2005,0.0023,Trinidad and Tobago
2005,0,Venezuela
2005,0.021018375,Austria
2005,0.001,Belgium
2005,0,Bulgaria
2005,0,Croatia
2005,0.000566,Cyprus
2005,6.80E-05,Czech Republic
2005,0.002161111,Denmark
2005,0,Estonia
2005,0.0026,Finland
2005,0.01050076,France
2005,1.282,Germany
2005,0.001,Greece
2005,0,Hungary
2005,0,Iceland
2005,0,Ireland
2005,0.031,Italy
2005,0,Latvia
2005,0,Lithuania
2005,0.017698,Luxembourg
2005,0.034199,Netherlands
2005,0,North Macedonia
2005,0.0062,Norway
2005,0,Poland
2005,0.0038,Portugal
2005,0,Romania
2005,0,Slovakia
2005,0,Slovenia
2005,0.041,Spain
2005,0.002,Sweden
2005,0.021,Switzerland
2005,0,Turkey
2005,0,Ukraine
2005,0.008,United Kingdom
2005,0,Azerbaijan
2005,0,Belarus
2005,0,Kazakhstan
2005,0,Russian Federation
2005,0,Turkmenistan
2005,,USSR
2005,0,Uzbekistan
2005,0,Iran
2005,0,Iraq
2005,0,Israel
2005,0,Kuwait
2005,0,Oman
2005,0,Qatar
2005,0,Saudi Arabia
2005,0,United Arab Emirates
2005,0,Algeria
2005,0.001,Egypt
2005,0.00010101,Morocco
2005,0.017,South Africa
2005,0.0143,Eastern Africa
2005,0.08405,Australia
2005,0.0034,Bangladesh
2005,0.084,China
2005,0,Hong Kong SAR
2005,0.018181818,India
2005,0,Indonesia
2005,1.630088373,Japan
2005,0,Malaysia
2005,0,New Zealand
2005,0,Pakistan
2005,0.001517,Philippines
2005,0,Singapore
2005,0.014399,South Korea
2005,0.004615336,Sri Lanka
2005,0.00096,Taiwan
2005,0,Thailand
2005,0,Vietnam
2006,0.022684211,Canada
2006,0.01,Mexico
2006,0.824432129,US
2006,9.00E-05,Argentina
2006,0,Brazil
2006,0,Chile
2006,0,Colombia
2006,1.49E-05,Ecuador
2006,0,Peru
2006,0.0027,Trinidad and Tobago
2006,0,Venezuela
2006,0.022386875,Austria
2006,0.002,Belgium
2006,0,Bulgaria
2006,0,Croatia
2006,0.001002,Cyprus
2006,0.00017,Czech Republic
2006,0.002213889,Denmark
2006,0,Estonia
2006,0.0034,Finland
2006,0.01190605,France
2006,2.22,Germany
2006,0.001,Greece
2006,0,Hungary
2006,0,Iceland
2006,0,Ireland
2006,0.035,Italy
2006,0,Latvia
2006,0,Lithuania
2006,0.021114,Luxembourg
2006,0.035223,Netherlands
2006,0,North Macedonia
2006,0.0071,Norway
2006,0,Poland
2006,0.005,Portugal
2006,0,Romania
2006,0,Slovakia
2006,0,Slovenia
2006,0.119,Spain
2006,0.002,Sweden
2006,0.024,Switzerland
2006,0,Turkey
2006,0,Ukraine
2006,0.011,United Kingdom
2006,0,Azerbaijan
2006,0,Belarus
2006,0,Kazakhstan
2006,0,Russian Federation
2006,0,Turkmenistan
2006,,USSR
2006,0,Uzbekistan
2006,0.0001,Iran
2006,0,Iraq
2006,0,Israel
2006,0,Kuwait
2006,0,Oman
2006,0,Qatar
2006,0,Saudi Arabia
2006,0,United Arab Emirates
2006,0,Algeria
2006,0.001,Egypt
2006,0.00010101,Morocco
2006,0.0186,South Africa
2006,0.0182,Eastern Africa
2006,0.0975,Australia
2006,0.0054,Bangladesh
2006,0.095,China
2006,0,Hong Kong SAR
2006,0.0072,India
2006,0,Indonesia
2006,1.99563,Japan
2006,0,Malaysia
2006,0,New Zealand
2006,0,Pakistan
2006,0.001376,Philippines
2006,0,Singapore
2006,0.031022,South Korea
2006,0.00538678,Sri Lanka
2006,0.001457,Taiwan
2006,0.0365,Thailand
2006,0,Vietnam
2007,0.028947368,Canada
2007,0.009,Mexico
2007,1.095410499,US
2007,0.0001089,Argentina
2007,0,Brazil
2007,0,Chile
2007,0,Colombia
2007,1.82E-05,Ecuador
2007,0,Peru
2007,0.0029,Trinidad and Tobago
2007,0,Venezuela
2007,0.024238375,Austria
2007,0.006,Belgium
2007,0,Bulgaria
2007,0,Croatia
2007,0.001733,Cyprus
2007,0.001754,Czech Republic
2007,0.002494444,Denmark
2007,0,Estonia
2007,0.0038,Finland
2007,0.018,France
2007,3.075,Germany
2007,0.001,Greece
2007,0,Hungary
2007,0,Iceland
2007,0,Ireland
2007,0.039,Italy
2007,0,Latvia
2007,0,Lithuania
2007,0.020901,Luxembourg
2007,0.035712,Netherlands
2007,0,North Macedonia
2007,0.0071,Norway
2007,0,Poland
2007,0.024,Portugal
2007,0,Romania
2007,0,Slovakia
2007,0,Slovenia
2007,0.508,Spain
2007,0.003,Sweden
2007,0.029,Switzerland
2007,0,Turkey
2007,0,Ukraine
2007,0.014,United Kingdom
2007,0,Azerbaijan
2007,0,Belarus
2007,0,Kazakhstan
2007,0,Russian Federation
2007,0,Turkmenistan
2007,,USSR
2007,0,Uzbekistan
2007,0.0001,Iran
2007,0,Iraq
2007,0,Israel
2007,0,Kuwait
2007,0,Oman
2007,0,Qatar
2007,0,Saudi Arabia
2007,0,United Arab Emirates
2007,0,Algeria
2007,0.0012,Egypt
2007,0.00010101,Morocco
2007,0.0201,South Africa
2007,0.022824283,Eastern Africa
2007,0.11375,Australia
2007,0.009,Bangladesh
2007,0.114,China
2007,0,Hong Kong SAR
2007,0.059,India
2007,0,Indonesia
2007,2.3124675,Japan
2007,1.01E-05,Malaysia
2007,0.003405895,New Zealand
2007,0.0002,Pakistan
2007,0.001309,Philippines
2007,0,Singapore
2007,0.071279,South Korea
2007,0.00597646,Sri Lanka
2007,0.00218,Taiwan
2007,0.0388,Thailand
2007,0,Vietnam
2008,0.035421053,Canada
2008,0.019,Mexico
2008,1.633062564,US
2008,0.0001437,Argentina
2008,0,Brazil
2008,0,Chile
2008,0,Colombia
2008,2.67E-05,Ecuador
2008,0,Peru
2008,0.0031,Trinidad and Tobago
2008,0,Venezuela
2008,0.03011991,Austria
2008,0.042,Belgium
2008,0,Bulgaria
2008,0,Croatia
2008,0.003,Cyprus
2008,0.012937,Czech Republic
2008,0.002622222,Denmark
2008,0,Estonia
2008,0.0039,Finland
2008,0.042,France
2008,4.42,Germany
2008,0.005,Greece
2008,0.001,Hungary
2008,0,Iceland
2008,0,Ireland
2008,0.193,Italy
2008,0,Latvia
2008,0,Lithuania
2008,0.020031,Luxembourg
2008,0.038889,Netherlands
2008,0,North Macedonia
2008,0.0074,Norway
2008,0,Poland
2008,0.041,Portugal
2008,0,Romania
2008,0,Slovakia
2008,0.001,Slovenia
2008,2.578,Spain
2008,0.004,Sweden
2008,0.037,Switzerland
2008,0,Turkey
2008,0,Ukraine
2008,0.017,United Kingdom
2008,0,Azerbaijan
2008,0,Belarus
2008,0,Kazakhstan
2008,0,Russian Federation
2008,0,Turkmenistan
2008,,USSR
2008,0,Uzbekistan
2008,0.0002,Iran
2008,0,Iraq
2008,0,Israel
2008,0,Kuwait
2008,0,Oman
2008,0,Qatar
2008,0.0006,Saudi Arabia
2008,0,United Arab Emirates
2008,0,Algeria
2008,0.0015,Egypt
2008,0.00010101,Morocco
2008,0.0217,South Africa
2008,0.031416192,Eastern Africa
2008,0.1392,Australia
2008,0.0152,Bangladesh
2008,0.152,China
2008,0,Hong Kong SAR
2008,0.063,India
2008,0.0001,Indonesia
2008,2.593971257,Japan
2008,1.01E-05,Malaysia
2008,0.003455616,New Zealand
2008,0.0016,Pakistan
2008,0.001304,Philippines
2008,0.0005,Singapore
2008,0.284315,South Korea
2008,0.006375132,Sri Lanka
2008,0.004569429,Taiwan
2008,0.0389,Thailand
2008,0,Vietnam
2009,0.1093,Canada
2009,0.027,Mexico
2009,2.075960394,US
2009,7.61E-05,Argentina
2009,0,Brazil
2009,0,Chile
2009,0,Colombia
2009,7.88E-06,Ecuador
2009,0,Peru
2009,0.0035,Trinidad and Tobago
2009,0,Venezuela
2009,0.04891428,Austria
2009,0.166,Belgium
2009,0.003,Bulgaria
2009,1.65E-05,Croatia
2009,0.004,Cyprus
2009,0.088807,Czech Republic
2009,0.00375,Denmark
2009,0.0001,Estonia
2009,0.0043,Finland
2009,0.174,France
2009,6.583,Germany
2009,0.05,Greece
2009,0.001,Hungary
2009,0,Iceland
2009,0.000424236,Ireland
2009,0.677,Italy
2009,0,Latvia
2009,0,Lithuania
2009,0.020316,Luxembourg
2009,0.044444,Netherlands
2009,0,North Macedonia
2009,0.0077,Norway
2009,0,Poland
2009,0.16,Portugal
2009,0.001010101,Romania
2009,0,Slovakia
2009,0.004,Slovenia
2009,6.066934673,Spain
2009,0.007,Sweden
2009,0.054,Switzerland
2009,0,Turkey
2009,0,Ukraine
2009,0.020000206,United Kingdom
2009,0,Azerbaijan
2009,0,Belarus
2009,0,Kazakhstan
2009,0,Russian Federation
2009,0,Turkmenistan
2009,,USSR
2009,0,Uzbekistan
2009,0.0003,Iran
2009,0,Iraq
2009,0.024,Israel
2009,0,Kuwait
2009,0,Oman
2009,0,Qatar
2009,0.0006,Saudi Arabia
2009,0.0169,United Arab Emirates
2009,0,Algeria
2009,0.0022,Egypt
2009,0.00010101,Morocco
2009,0.0233,South Africa
2009,0.045168917,Eastern Africa
2009,0.29024203,Australia
2009,0.0251,Bangladesh
2009,0.279,China
2009,0,Hong Kong SAR
2009,0.075,India
2009,0.0001,Indonesia
2009,3.045512507,Japan
2009,1.01E-05,Malaysia
2009,0.003589863,New Zealand
2009,0.0053,Pakistan
2009,0.001252,Philippines
2009,0.0023,Singapore
2009,0.566191,South Korea
2009,0.006787804,Sri Lanka
2009,0.009210663,Taiwan
2009,0.0444,Thailand
2009,0,Vietnam
2010,0.2542,Canada
2010,0.031,Mexico
2010,3.013036421,US
2010,8.59E-05,Argentina
2010,0,Brazil
2010,0,Chile
2010,0,Colombia
2010,0,Ecuador
2010,0,Peru
2010,0.004,Trinidad and Tobago
2010,0.00246,Venezuela
2010,0.08881314,Austria
2010,0.56,Belgium
2010,0.015,Bulgaria
2010,1.65E-05,Croatia
2010,0.007,Cyprus
2010,0.615702,Czech Republic
2010,0.006161111,Denmark
2010,0.0001,Estonia
2010,0.0047,Finland
2010,0.62,France
2010,11.729,Germany
2010,0.158,Greece
2010,0.001,Hungary
2010,0,Iceland
2010,0.000476107,Ireland
2010,1.9057,Italy
2010,0,Latvia
2010,0,Lithuania
2010,0.021148,Luxembourg
2010,0.059444,Netherlands
2010,2.60E-05,North Macedonia
2010,0.0081,Norway
2010,0,Poland
2010,0.215,Portugal
2010,0.002020202,Romania
2010,0.017,Slovakia
2010,0.013,Slovenia
2010,7.064428643,Spain
2010,0.009,Sweden
2010,0.094,Switzerland
2010,0.0024,Turkey
2010,0,Ukraine
2010,0.0402771,United Kingdom
2010,0,Azerbaijan
2010,0,Belarus
2010,0,Kazakhstan
2010,0,Russian Federation
2010,0.0001595,Turkmenistan
2010,,USSR
2010,0,Uzbekistan
2010,0.0007,Iran
2010,0,Iraq
2010,0.07,Israel
2010,0,Kuwait
2010,0,Oman
2010,0,Qatar
2010,0.0041,Saudi Arabia
2010,0.0181,United Arab Emirates
2010,0.0091,Algeria
2010,0.0252,Egypt
2010,0.00010101,Morocco
2010,0.0276,South Africa
2010,0.112431865,Eastern Africa
2010,0.97764828,Australia
2010,0.0443,Bangladesh
2010,0.701,China
2010,0.00035,Hong Kong SAR
2010,0.113,India
2010,0.00052,Indonesia
2010,3.98137875,Japan
2010,1.01E-05,Malaysia
2010,0.003828524,New Zealand
2010,0.0134,Pakistan
2010,0.001254,Philippines
2010,0.0046,Singapore
2010,0.772801,South Korea
2010,0.007195476,Sri Lanka
2010,0.025587215,Taiwan
2010,0.0583,Thailand
2010,0,Vietnam
2011,0.5716,Canada
2011,0.041,Mexico
2011,4.738904128,US
2011,0.001614,Argentina
2011,0,Brazil
2011,0,Chile
2011,0,Colombia
2011,5.81E-05,Ecuador
2011,0,Peru
2011,0.004,Trinidad and Tobago
2011,0.00298,Venezuela
2011,0.17406996,Austria
2011,1.169,Belgium
2011,0.101,Bulgaria
2011,1.65E-05,Croatia
2011,0.012,Cyprus
2011,2.118,Czech Republic
2011,0.015130556,Denmark
2011,0.0002,Estonia
2011,0.0053,Finland
2011,2.078,France
2011,19.599,Germany
2011,0.61,Greece
2011,0.001,Hungary
2011,0,Iceland
2011,0.000542081,Ireland
2011,10.7957,Italy
2011,0.0002,Latvia
2011,0.0001,Lithuania
2011,0.025744,Luxembourg
2011,0.100344,Netherlands
2011,0.001173,North Macedonia
2011,0.0085,Norway
2011,0.0002,Poland
2011,0.282,Portugal
2011,0.001,Romania
2011,0.397,Slovakia
2011,0.066,Slovenia
2011,8.679536284,Spain
2011,0.013,Sweden
2011,0.168,Switzerland
2011,0.002861538,Turkey
2011,0.03,Ukraine
2011,0.24366343,United Kingdom
2011,0,Azerbaijan
2011,0,Belarus
2011,0,Kazakhstan
2011,0.0012,Russian Federation
2011,0.00045675,Turkmenistan
2011,,USSR
2011,0,Uzbekistan
2011,0.0007,Iran
2011,0,Iraq
2011,0.192,Israel
2011,0,Kuwait
2011,0,Oman
2011,0.0011,Qatar
2011,0.005,Saudi Arabia
2011,0.0212,United Arab Emirates
2011,0.01811875,Algeria
2011,0.0936,Egypt
2011,0.00010101,Morocco
2011,0.0803,South Africa
2011,0.194606791,Eastern Africa
2011,2.04454657,Australia
2011,0.0584,Bangladesh
2011,2.61,China
2011,0.000691,Hong Kong SAR
2011,0.827,India
2011,0.00077,Indonesia
2011,5.43915,Japan
2011,1.01E-05,Malaysia
2011,0.00412685,New Zealand
2011,0.0268,Pakistan
2011,0.001212,Philippines
2011,0.0071,Singapore
2011,0.917198,South Korea
2011,0.008714148,Sri Lanka
2011,0.070266324,Taiwan
2011,0.0944,Thailand
2011,0,Vietnam
2012,0.881,Canada
2012,0.069,Mexico
2012,9.037013756,US
2012,0.008172967,Argentina
2012,0.00098,Brazil
2012,0.00034039,Chile
2012,0,Colombia
2012,0.00032566,Ecuador
2012,0.0597,Peru
2012,0.004,Trinidad and Tobago
2012,0.00522,Venezuela
2012,0.33748305,Austria
2012,2.148,Belgium
2012,0.814,Bulgaria
2012,0.002,Croatia
2012,0.022,Cyprus
2012,2.1731,Czech Republic
2012,0.103861111,Denmark
2012,0.0003,Estonia
2012,0.0057,Finland
2012,4.016,France
2012,26.38,Germany
2012,1.694,Greece
2012,0.008,Hungary
2012,0,Iceland
2012,0.000645929,Ireland
2012,18.8617,Italy
2012,0.0002,Latvia
2012,0.0023,Lithuania
2012,0.038277,Luxembourg
2012,0.253753,Netherlands
2012,0.002836,North Macedonia
2012,0.0089,Norway
2012,0.0011,Poland
2012,0.393,Portugal
2012,0.008,Romania
2012,0.424,Slovakia
2012,0.163,Slovenia
2012,11.96590945,Spain
2012,0.019,Sweden
2012,0.299,Switzerland
2012,0.004257787,Turkey
2012,0.333,Ukraine
2012,1.353763587,United Kingdom
2012,0,Azerbaijan
2012,0,Belarus
2012,2.10E-05,Kazakhstan
2012,0.004211507,Russian Federation
2012,0.000981432,Turkmenistan
2012,,USSR
2012,0,Uzbekistan
2012,0.0007,Iran
2012,0,Iraq
2012,0.369,Israel
2012,0,Kuwait
2012,0,Oman
2012,0.0011,Qatar
2012,0.0236,Saudi Arabia
2012,0.0241,United Arab Emirates
2012,0.026723014,Algeria
2012,0.0581,Egypt
2012,0.000101283,Morocco
2012,0.086,South Africa
2012,0.267353864,Eastern Africa
2012,2.412,Australia
2012,0.0909,Bangladesh
2012,3.5945099,China
2012,0.000854,Hong Kong SAR
2012,2.099,India
2012,0.00301,Indonesia
2012,7.371902764,Japan
2012,0.047,Malaysia
2012,0.004822946,New Zealand
2012,0.0657,Pakistan
2012,0.00132,Philippines
2012,0.0122,Singapore
2012,1.103227,South Korea
2012,0.01000782,Sri Lanka
2012,0.173077793,Taiwan
2012,0.4985,Thailand
2012,0,Vietnam
2013,1.4988,Canada
2013,0.106,Mexico
2013,16.03969548,US
2013,0.015074079,Argentina
2013,0.004793593,Brazil
2013,0.00675656,Chile
2013,0,Colombia
2013,0.003663607,Ecuador
2013,0.1969,Peru
2013,0.004,Trinidad and Tobago
2013,0.005347317,Venezuela
2013,0.625974,Austria
2013,2.644,Belgium
2013,1.361,Bulgaria
2013,0.011293959,Croatia
2013,0.047,Cyprus
2013,2.0702,Czech Republic
2013,0.517541667,Denmark
2013,0.0014,Estonia
2013,0.0065,Finland
2013,4.735,France
2013,31.01,Germany
2013,3.648,Greece
2013,0.025,Hungary
2013,0,Iceland
2013,0.000699463,Ireland
2013,21.5886,Italy
2013,0.0002,Latvia
2013,0.0448,Lithuania
2013,0.073738,Luxembourg
2013,0.5159,Netherlands
2013,0.009051,North Macedonia
2013,0.0098,Norway
2013,0.0015,Poland
2013,0.479139885,Portugal
2013,0.42,Romania
2013,0.588,Slovakia
2013,0.215,Slovenia
2013,13.11088913,Spain
2013,0.035,Sweden
2013,0.5,Switzerland
2013,0.006784615,Turkey
2013,0.57,Ukraine
2013,2.010262082,United Kingdom
2013,0.0008,Azerbaijan
2013,0.0004,Belarus
2013,0.0007874,Kazakhstan
2013,0.0108,Russian Federation
2013,0.00184875,Turkmenistan
2013,,USSR
2013,0,Uzbekistan
2013,0.0007,Iran
2013,0.0463,Iraq
2013,0.549075149,Israel
2013,0.0002,Kuwait
2013,0.0012,Oman
2013,0.0038,Qatar
2013,0.0391,Saudi Arabia
2013,0.1038,United Arab Emirates
2013,0.0286,Algeria
2013,0.0591,Egypt
2013,0.00010101,Morocco
2013,0.243,South Africa
2013,0.327192381,Eastern Africa
2013,3.8474,Australia
2013,0.1296,Bangladesh
2013,8.3738865,China
2013,0.001112,Hong Kong SAR
2013,3.433,India
2013,0.0055,Indonesia
2013,12.90878151,Japan
2013,0.141,Malaysia
2013,0.006850173,New Zealand
2013,0.1444,Pakistan
2013,0.001414,Philippines
2013,0.0185,Singapore
2013,1.605182,South Korea
2013,0.01438312,Sri Lanka
2013,0.337854186,Taiwan
2013,1.2575,Thailand
2013,0,Vietnam
2014,2.1198,Canada
2014,0.221,Mexico
2014,29.21616162,US
2014,0.015944,Argentina
2014,0.016081802,Brazil
2014,0.48954159,Chile
2014,0,Colombia
2014,0.016482696,Ecuador
2014,0.1993,Peru
2014,0.004,Trinidad and Tobago
2014,0.006747805,Venezuela
2014,0.785246,Austria
2014,2.883,Belgium
2014,1.252,Bulgaria
2014,0.035,Croatia
2014,0.0836,Cyprus
2014,2.1229,Czech Republic
2014,0.595516667,Denmark
2014,0.0031,Estonia
2014,0.008,Finland
2014,5.913,France
2014,36.056,Germany
2014,3.792,Greece
2014,0.067,Hungary
2014,0,Iceland
2014,0.000946215,Ireland
2014,22.3064,Italy
2014,0.0002,Latvia
2014,0.073,Lithuania
2014,0.094741,Luxembourg
2014,0.784762,Netherlands
2014,0.014382,North Macedonia
2014,0.0116,Norway
2014,0.007,Poland
2014,0.627316615,Portugal
2014,1.2953,Romania
2014,0.597,Slovakia
2014,0.257,Slovenia
2014,13.67302681,Spain
2014,0.047,Sweden
2014,0.842,Switzerland
2014,0.0174,Turkey
2014,0.429,Ukraine
2014,4.054062445,United Kingdom
2014,0.0029,Azerbaijan
2014,0.002,Belarus
2014,0.001239,Kazakhstan
2014,0.16,Russian Federation
2014,0.0031175,Turkmenistan
2014,,USSR
2014,0,Uzbekistan
2014,0.0007,Iran
2014,0.0573,Iraq
2014,0.942949653,Israel
2014,0.0033,Kuwait
2014,0.0012,Oman
2014,0.0065,Qatar
2014,0.0422,Saudi Arabia
2014,0.3007,United Arab Emirates
2014,0.06,Algeria
2014,0.0415,Egypt
2014,0.00010101,Morocco
2014,1.123,South Africa
2014,0.397598607,Eastern Africa
2014,4.952,Australia
2014,0.1676,Bangladesh
2014,23.51215664,China
2014,0.001102,Hong Kong SAR
2014,4.909,India
2014,0.00681,Indonesia
2014,23.54816625,Japan
2014,0.227,Malaysia
2014,0.018248296,New Zealand
2014,0.2375,Pakistan
2014,0.016517,Philippines
2014,0.0401,Singapore
2014,2.5563,South Korea
2014,0.02808402,Sri Lanka
2014,0.551709184,Taiwan
2014,1.9335,Thailand
2014,0.004,Vietnam
2015,2.895,Canada
2015,0.246,Mexico
2015,39.42626263,US
2015,0.014683,Argentina
2015,0.058917412,Brazil
2015,1.26108742,Chile
2015,0,Colombia
2015,0.036057927,Ecuador
2015,0.230255343,Peru
2015,0.004,Trinidad and Tobago
2015,0.008784878,Venezuela
2015,0.937098,Austria
2015,3.053,Belgium
2015,1.383,Bulgaria
2015,0.057,Croatia
2015,0.126659,Cyprus
2015,2.2638,Czech Republic
2015,0.604261111,Denmark
2015,0.0059,Estonia
2015,0.0102,Finland
2015,7.262,France
2015,38.726,Germany
2015,3.9,Greece
2015,0.141,Hungary
2015,0,Iceland
2015,0.001616621,Ireland
2015,22.9422,Italy
2015,0.0002,Latvia
2015,0.0733,Lithuania
2015,0.103721,Luxembourg
2015,1.121509,Netherlands
2015,0.0226,North Macedonia
2015,0.0134,Norway
2015,0.057,Poland
2015,0.796154916,Portugal
2015,1.982,Romania
2015,0.506,Slovakia
2015,0.274,Slovenia
2015,13.85842969,Spain
2015,0.097,Sweden
2015,1.119,Switzerland
2015,0.19412,Turkey
2015,0.477,Ukraine
2015,7.533413797,United Kingdom
2015,0.0046,Azerbaijan
2015,0.009,Belarus
2015,0.046171,Kazakhstan
2015,0.3356,Russian Federation
2015,0.00522,Turkmenistan
2015,,USSR
2015,0,Uzbekistan
2015,0.0015,Iran
2015,0.0573,Iraq
2015,1.24625956,Israel
2015,0.0051,Kuwait
2015,0.0037,Oman
2015,0.0065,Qatar
2015,0.1292,Saudi Arabia
2015,0.301,United Arab Emirates
2015,0.058,Algeria
2015,0.0654,Egypt
2015,0.0057,Morocco
2015,2.749,South Africa
2015,0.447760352,Eastern Africa
2015,5.958,Australia
2015,0.2044,Bangladesh
2015,43.56,China
2015,0.00103,Hong Kong SAR
2015,6.56638,India
2015,0.00528,Indonesia
2015,34.54017195,Japan
2015,0.273,Malaysia
2015,0.035813585,New Zealand
2015,0.3305,Pakistan
2015,0.138534,Philippines
2015,0.0723,Singapore
2015,3.979159,South Korea
2015,0.04872,Sri Lanka
2015,0.875515955,Taiwan
2015,2.378,Thailand
2015,0.004,Vietnam
2016,3.031314141,Canada
2016,0.252276111,Mexico
2016,55.42020202,US
2016,0.014273,Argentina
2016,0.085260592,Brazil
2016,2.638839211,Chile
2016,0,Colombia
2016,0.038754818,Ecuador
2016,0.241818781,Peru
2016,0.004,Trinidad and Tobago
2016,0.010035508,Venezuela
2016,1.096016,Austria
2016,3.092,Belgium
2016,1.386,Bulgaria
2016,0.066,Croatia
2016,0.145937,Cyprus
2016,2.131,Czech Republic
2016,0.743780556,Denmark
2016,0.0101,Estonia
2016,0.0192,Finland
2016,8.16,France
2016,38.098,Germany
2016,3.93,Greece
2016,0.244,Hungary
2016,0,Iceland
2016,0.005342642,Ireland
2016,22.1043,Italy
2016,0.0006,Latvia
2016,0.0665,Lithuania
2016,0.100288,Luxembourg
2016,1.559424,Netherlands
2016,0.0237,North Macedonia
2016,0.0238,Norway
2016,0.124,Poland
2016,0.822,Portugal
2016,1.82,Romania
2016,0.533,Slovakia
2016,0.267,Slovenia
2016,13.64170068,Spain
2016,0.143,Sweden
2016,1.333,Switzerland
2016,1.043138277,Turkey
2016,0.491,Ukraine
2016,10.41094793,United Kingdom
2016,0.0353,Azerbaijan
2016,0.026,Belarus
2016,0.0884031,Kazakhstan
2016,0.4683,Russian Federation
2016,0.006979068,Turkmenistan
2016,,USSR
2016,0,Uzbekistan
2016,0.005,Iran
2016,0.0573,Iraq
2016,1.634778571,Israel
2016,0.0488,Kuwait
2016,0.0037,Oman
2016,0.0084,Qatar
2016,0.1292,Saudi Arabia
2016,0.3313,United Arab Emirates
2016,0.245,Algeria
2016,0.1045,Egypt
2016,0.4015,Morocco
2016,3.274,South Africa
2016,0.493648477,Eastern Africa
2016,7.474595,Australia
2016,0.2243,Bangladesh
2016,61.686,China
2016,0.000979,Hong Kong SAR
2016,11.55598,India
2016,0.02109,Indonesia
2016,48.54288589,Japan
2016,0.31,Malaysia
2016,0.05581317,New Zealand
2016,0.5904,Pakistan
2016,1.097016,Philippines
2016,0.1526,Singapore
2016,5.122441,South Korea
2016,0.08297,Sri Lanka
2016,1.132230334,Taiwan
2016,3.377,Thailand
2016,0.007,Vietnam
2017,3.29219899,Canada
2017,1.186506111,Mexico
2017,78.05656566,US
2017,0.016417,Argentina
2017,0.831813401,Brazil
2017,3.895948315,Chile
2017,0,Colombia
2017,0.03748,Ecuador
2017,0.287200343,Peru
2017,0.003989071,Trinidad and Tobago
2017,0.010008089,Venezuela
2017,1.268971,Austria
2017,3.2876,Belgium
2017,1.402965,Bulgaria
2017,0.0787,Croatia
2017,0.17202,Cyprus
2017,2.193368,Czech Republic
2017,0.751486111,Denmark
2017,0.012679515,Estonia
2017,0.0436,Finland
2017,9.162760493,France
2017,39.401,Germany
2017,3.991477,Greece
2017,0.349,Hungary
2017,0,Iceland
2017,0.010801,Ireland
2017,24.3777,Italy
2017,0.000927795,Latvia
2017,0.0665,Lithuania
2017,0.108463,Luxembourg
2017,2.204346,Netherlands
2017,0.023751,North Macedonia
2017,0.040753574,Norway
2017,0.165,Poland
2017,0.992,Portugal
2017,1.856,Romania
2017,0.506,Slovakia
2017,0.283867,Slovenia
2017,14.32067117,Spain
2017,0.23,Sweden
2017,1.683,Switzerland
2017,2.8893,Turkey
2017,0.75807,Ukraine
2017,11.52487021,United Kingdom
2017,0.0372,Azerbaijan
2017,0.089,Belarus
2017,0.0896955,Kazakhstan
2017,0.5343,Russian Federation
2017,0.00696,Turkmenistan
2017,,USSR
2017,0,Uzbekistan
2017,0.014640887,Iran
2017,0.057143443,Iraq
2017,1.59509487,Israel
2017,0.088143148,Kuwait
2017,0.008708877,Oman
2017,0.009423834,Qatar
2017,0.141859389,Saudi Arabia
2017,0.532373316,United Arab Emirates
2017,0.504,Algeria
2017,0.262771858,Egypt
2017,0.4153,Morocco
2017,4.276231839,South Africa
2017,0.594366288,Eastern Africa
2017,8.95511,Australia
2017,0.265005663,Bangladesh
2017,117.8,China
2017,0.001059,Hong Kong SAR
2017,21.52221,India
2017,0.02905,Indonesia
2017,61.83497816,Japan
2017,0.362933222,Malaysia
2017,0.075420861,New Zealand
2017,1.059174914,Pakistan
2017,1.201152,Philippines
2017,0.227207388,Singapore
2017,7.056219,South Korea
2017,0.148725692,Sri Lanka
2017,1.6916,Taiwan
2017,4.48086248,Thailand
2017,0.008881935,Vietnam
2018,3.5462509,Canada
2018,2.2428,Mexico
2018,97.11818182,US
2018,0.108128528,Argentina
2018,3.137078404,Brazil
2018,5.118720829,Chile
2018,0.011999821,Colombia
2018,0.037991538,Ecuador
2018,0.745192715,Peru
2018,0.003989071,Trinidad and Tobago
2018,0.010008089,Venezuela
2018,1.578641473,Austria
2018,3.971724224,Belgium
2018,1.103538835,Bulgaria
2018,0.073591668,Croatia
2018,0.19183,Cyprus
2018,2.3386,Czech Republic
2018,0.952973,Denmark
2018,0.012679515,Estonia
2018,0.1622,Finland
2018,10.15871272,France
2018,46.164,Germany
2018,3.791092002,Greece
2018,0.588876056,Hungary
2018,0,Iceland
2018,0.022173967,Ireland
2018,23.23072906,Italy
2018,0.001263953,Latvia
2018,0.08,Lithuania
2018,0.117480937,Luxembourg
2018,3.2012,Netherlands
2018,0.022788,North Macedonia
2018,0.064488547,Norway
2018,0.299,Poland
2018,1.02,Portugal
2018,1.674,Romania
2018,0.585,Slovakia
2018,0.253621,Slovenia
2018,12.52057273,Spain
2018,0.373100151,Sweden
2018,1.957371429,Switzerland
2018,7.890694078,Turkey
2018,1.286493457,Ukraine
2018,12.92181535,United Kingdom
2018,0.03926,Azerbaijan
2018,0.134485968,Belarus
2018,0.1146904,Kazakhstan
2018,0.57106,Russian Federation
2018,0.00696,Turkmenistan
2018,,USSR
2018,0,Uzbekistan
2018,0.037698887,Iran
2018,0.057143443,Iraq
2018,1.793230515,Israel
2018,0.088143148,Kuwait
2018,0.013718674,Oman
2018,0.009423834,Qatar
2018,0.154871783,Saudi Arabia
2018,0.9468835,United Arab Emirates
2018,0.603,Algeria
2018,1.035739071,Egypt
2018,0.9502,Morocco
2018,4.935234819,South Africa
2018,0.690124726,Eastern Africa
2018,12.081099,Australia
2018,0.299208359,Bangladesh
2018,177.5,China
2018,0.000961,Hong Kong SAR
2018,30.73240318,India
2018,0.01836,Indonesia
2018,71.6883359,Japan
2018,0.459692933,Malaysia
2018,0.098244292,New Zealand
2018,2.12332226,Pakistan
2018,1.249117,Philippines
2018,0.283982555,Singapore
2018,9.349876912,South Korea
2018,0.205337811,Sri Lanka
2018,2.733,Taiwan
2018,4.719656655,Thailand
2018,0.080231508,Vietnam
